x-axis,1,2
second,Volt,Volt
-34.80000E-03,+10.48500E-03,+185.21357E-03
-34.71600E-03,+10.46947E-03,+189.23367E-03
-34.63200E-03,+10.23759E-03,+192.78735E-03
-34.54800E-03,+10.24366E-03,+196.50409E-03
-34.46400E-03,+10.18815E-03,+197.27387E-03
-34.38000E-03,+10.05190E-03,+205.31407E-03
-34.29600E-03,+10.05830E-03,+205.31407E-03
-34.21200E-03,+9.98706E-03,+209.33417E-03
-34.12800E-03,+9.95851E-03,+209.33417E-03
-34.04400E-03,+9.82332E-03,+221.24776E-03
-33.96000E-03,+9.79860E-03,+220.01157E-03
-33.87600E-03,+9.63743E-03,+226.81558E-03
-33.79200E-03,+9.42095E-03,+229.26985E-03
-33.70800E-03,+9.34384E-03,+233.45477E-03
-33.62400E-03,+9.19494E-03,+237.47487E-03
-33.54000E-03,+9.11217E-03,+241.49497E-03
-33.45600E-03,+9.02224E-03,+247.03474E-03
-33.37200E-03,+8.70007E-03,+253.55527E-03
-33.28800E-03,+8.79679E-03,+257.57537E-03
-33.20400E-03,+8.75413E-03,+265.61558E-03
-33.12000E-03,+8.45942E-03,+269.63568E-03
-33.03600E-03,+8.34260E-03,+273.65578E-03
-32.95200E-03,+8.14055E-03,+277.67588E-03
-32.86800E-03,+7.95153E-03,+281.69598E-03
-32.78400E-03,+7.94454E-03,+287.12703E-03
-32.70000E-03,+7.81970E-03,+285.71608E-03
-32.61600E-03,+7.73129E-03,+290.79760E-03
-32.53200E-03,+7.52905E-03,+293.75628E-03
-32.44800E-03,+7.39474E-03,+297.77638E-03
-32.36400E-03,+7.22340E-03,+301.04659E-03
-32.28000E-03,+7.01219E-03,+299.81040E-03
-32.19600E-03,+7.15703E-03,+301.79648E-03
-32.11200E-03,+6.92302E-03,+301.79648E-03
-32.02800E-03,+6.70400E-03,+303.47102E-03
-31.94400E-03,+6.58799E-03,+302.90585E-03
-31.86000E-03,+6.52724E-03,+305.68976E-03
-31.77600E-03,+6.42211E-03,+305.81658E-03
-31.69200E-03,+6.31699E-03,+301.79648E-03
-31.60800E-03,+6.20447E-03,+301.79648E-03
-31.52400E-03,+6.06468E-03,+298.82786E-03
-31.44000E-03,+5.91010E-03,+297.77638E-03
-31.35600E-03,+5.79623E-03,+297.77638E-03
-31.27200E-03,+5.75535E-03,+297.77638E-03
-31.18800E-03,+5.76528E-03,+293.75628E-03
-31.10400E-03,+5.59726E-03,+290.54395E-03
-31.02000E-03,+5.66249E-03,+289.73618E-03
-30.93600E-03,+5.64535E-03,+285.71608E-03
-30.85200E-03,+5.54256E-03,+288.61687E-03
-30.76800E-03,+5.56495E-03,+277.79276E-03
-30.68400E-03,+5.51161E-03,+277.67588E-03
-30.60000E-03,+5.35236E-03,+272.22493E-03
-30.51600E-03,+5.47287E-03,+269.63568E-03
-30.43200E-03,+5.38332E-03,+265.61558E-03
-30.34800E-03,+5.53010E-03,+257.57537E-03
-30.26400E-03,+5.46430E-03,+257.57537E-03
-30.18000E-03,+5.32374E-03,+252.82527E-03
-30.09600E-03,+5.52563E-03,+241.49497E-03
-30.01200E-03,+5.42050E-03,+241.49497E-03
-29.92800E-03,+5.32374E-03,+237.47487E-03
-29.84400E-03,+5.37105E-03,+233.45477E-03
-29.76000E-03,+5.42673E-03,+229.43467E-03
-29.67600E-03,+5.56281E-03,+221.39447E-03
-29.59200E-03,+5.53809E-03,+214.69739E-03
-29.50800E-03,+5.49059E-03,+211.91348E-03
-29.42400E-03,+5.64126E-03,+209.33417E-03
-29.34000E-03,+5.86593E-03,+201.29397E-03
-29.25600E-03,+5.72575E-03,+197.27387E-03
-29.17200E-03,+5.88656E-03,+193.25377E-03
-29.08800E-03,+5.95256E-03,+189.23367E-03
-29.00400E-03,+5.92568E-03,+185.21357E-03
-28.92000E-03,+6.07810E-03,+180.36580E-03
-28.83600E-03,+6.08004E-03,+169.54169E-03
-28.75200E-03,+6.30685E-03,+165.11306E-03
-28.66800E-03,+6.41454E-03,+163.97387E-03
-28.58400E-03,+6.37285E-03,+161.09296E-03
-28.50000E-03,+6.58351E-03,+157.07286E-03
-28.41600E-03,+6.69058E-03,+153.05276E-03
-28.33200E-03,+6.91891E-03,+149.03266E-03
-28.24800E-03,+6.99175E-03,+142.01411E-03
-28.16400E-03,+7.17299E-03,+139.23020E-03
-28.08000E-03,+7.08207E-03,+140.99246E-03
-27.99600E-03,+7.18719E-03,+136.97236E-03
-27.91200E-03,+7.45567E-03,+132.95226E-03
-27.82800E-03,+7.51135E-03,+128.93216E-03
-27.74400E-03,+7.75175E-03,+128.93216E-03
-27.66000E-03,+7.76850E-03,+126.54683E-03
-27.57600E-03,+7.91959E-03,+124.91206E-03
-27.49200E-03,+8.05567E-03,+120.97901E-03
-27.40800E-03,+8.16529E-03,+122.21519E-03
-27.32400E-03,+8.45942E-03,+122.35263E-03
-27.24000E-03,+8.38800E-03,+121.11644E-03
-27.15600E-03,+8.51959E-03,+120.89196E-03
-27.07200E-03,+8.74559E-03,+124.91206E-03
-26.98800E-03,+8.93111E-03,+124.37604E-03
-26.90400E-03,+8.99423E-03,+124.91206E-03
-26.82000E-03,+9.10264E-03,+124.91206E-03
-26.73600E-03,+9.23389E-03,+125.75961E-03
-26.65200E-03,+9.41647E-03,+128.93216E-03
-26.56800E-03,+9.53714E-03,+132.95226E-03
-26.48400E-03,+9.58505E-03,+136.97236E-03
-26.40000E-03,+9.74277E-03,+136.97236E-03
-26.31600E-03,+9.82626E-03,+143.69927E-03
-26.23200E-03,+9.84783E-03,+145.01256E-03
-26.14800E-03,+9.99175E-03,+149.03266E-03
-26.06400E-03,+10.00710E-03,+153.05276E-03
-25.98000E-03,+10.30867E-03,+161.09296E-03
-25.89600E-03,+10.43671E-03,+161.09296E-03
-25.81200E-03,+10.38907E-03,+169.82339E-03
-25.72800E-03,+10.50466E-03,+177.17336E-03
-25.64400E-03,+10.46947E-03,+180.33597E-03
-25.56000E-03,+10.53473E-03,+185.59226E-03
-25.47600E-03,+10.71068E-03,+190.84855E-03
-25.39200E-03,+10.49285E-03,+198.44290E-03
-25.30800E-03,+10.47485E-03,+201.29397E-03
-25.22400E-03,+10.76501E-03,+213.35427E-03
-25.14000E-03,+10.81226E-03,+218.85493E-03
-25.05600E-03,+10.86660E-03,+229.19030E-03
-24.97200E-03,+10.75035E-03,+225.41457E-03
-24.88800E-03,+10.71068E-03,+235.24687E-03
-24.80400E-03,+10.73291E-03,+241.49497E-03
-24.72000E-03,+11.01868E-03,+248.85489E-03
-24.63600E-03,+10.83315E-03,+253.55527E-03
-24.55200E-03,+10.87148E-03,+261.59547E-03
-24.46800E-03,+10.79108E-03,+265.61558E-03
-24.38400E-03,+10.85528E-03,+271.24061E-03
-24.30000E-03,+10.72459E-03,+273.65578E-03
-24.21600E-03,+10.86919E-03,+277.73309E-03
-24.13200E-03,+10.79108E-03,+285.71608E-03
-24.04800E-03,+10.89226E-03,+289.73618E-03
-23.96400E-03,+10.71068E-03,+293.75628E-03
-23.88000E-03,+10.71068E-03,+296.79451E-03
-23.79600E-03,+10.67464E-03,+301.79648E-03
-23.71200E-03,+10.71068E-03,+301.79648E-03
-23.62800E-03,+10.69727E-03,+305.81658E-03
-23.54400E-03,+10.67669E-03,+305.81658E-03
-23.46000E-03,+10.63028E-03,+309.83668E-03
-23.37600E-03,+10.41060E-03,+310.19548E-03
-23.29200E-03,+10.43757E-03,+309.83668E-03
-23.20800E-03,+10.36529E-03,+311.02560E-03
-23.12400E-03,+10.30961E-03,+309.88395E-03
-23.04000E-03,+10.33434E-03,+313.85678E-03
-22.95600E-03,+10.27866E-03,+313.85678E-03
-22.87200E-03,+10.22298E-03,+313.59252E-03
-22.78800E-03,+10.08955E-03,+312.88485E-03
-22.70400E-03,+10.14786E-03,+307.62856E-03
-22.62000E-03,+9.92969E-03,+305.81658E-03
-22.53600E-03,+10.05425E-03,+301.79648E-03
-22.45200E-03,+9.86873E-03,+301.79648E-03
-22.36800E-03,+9.82626E-03,+293.75628E-03
-22.28400E-03,+9.88573E-03,+293.75628E-03
-22.20000E-03,+9.66545E-03,+285.71608E-03
-22.11600E-03,+9.68943E-03,+281.69598E-03
-22.03200E-03,+9.58580E-03,+277.67588E-03
-21.94800E-03,+9.61052E-03,+273.65578E-03
-21.86400E-03,+9.57483E-03,+265.61558E-03
-21.78000E-03,+9.34933E-03,+261.86968E-03
-21.69600E-03,+9.38577E-03,+256.61339E-03
-21.61200E-03,+9.25592E-03,+251.35710E-03
-21.52800E-03,+9.25173E-03,+245.51507E-03
-21.44400E-03,+9.17003E-03,+241.49497E-03
-21.36000E-03,+9.02717E-03,+235.34141E-03
-21.27600E-03,+8.97773E-03,+232.55750E-03
-21.19200E-03,+8.94183E-03,+221.39447E-03
-21.10800E-03,+9.07114E-03,+217.37437E-03
-21.02400E-03,+8.81308E-03,+209.33417E-03
-20.94000E-03,+8.78158E-03,+209.33417E-03
-20.85600E-03,+8.85684E-03,+205.31407E-03
-20.77200E-03,+8.84184E-03,+201.29397E-03
-20.68800E-03,+8.63159E-03,+197.27387E-03
-20.60400E-03,+8.84239E-03,+189.23367E-03
-20.52000E-03,+8.69350E-03,+183.02534E-03
-20.43600E-03,+8.71254E-03,+181.19347E-03
-20.35200E-03,+8.72625E-03,+177.17336E-03
-20.26800E-03,+8.53982E-03,+169.13316E-03
-20.18400E-03,+8.66434E-03,+161.09296E-03
-20.10000E-03,+8.70063E-03,+161.09296E-03
-20.01600E-03,+8.66933E-03,+157.07286E-03
-19.93200E-03,+8.65188E-03,+151.83401E-03
-19.84800E-03,+8.62023E-03,+149.01522E-03
-19.76400E-03,+8.64530E-03,+145.01256E-03
-19.68000E-03,+8.65083E-03,+140.99246E-03
-19.59600E-03,+8.48295E-03,+136.97236E-03
-19.51200E-03,+8.73831E-03,+132.95226E-03
-19.42800E-03,+8.74419E-03,+131.11044E-03
-19.34400E-03,+8.64445E-03,+128.93216E-03
-19.26000E-03,+8.59027E-03,+128.30160E-03
-19.17600E-03,+8.86143E-03,+124.91206E-03
-19.09200E-03,+8.79937E-03,+124.91206E-03
-19.00800E-03,+8.92907E-03,+124.59303E-03
-18.92400E-03,+8.71354E-03,+124.91206E-03
-18.84000E-03,+8.94183E-03,+120.89196E-03
-18.75600E-03,+8.86173E-03,+124.91206E-03
-18.67200E-03,+8.94762E-03,+124.91206E-03
-18.58800E-03,+9.00344E-03,+124.91206E-03
-18.50400E-03,+8.94792E-03,+125.21610E-03
-18.42000E-03,+9.20751E-03,+128.93216E-03
-18.33600E-03,+9.06560E-03,+128.93216E-03
-18.25200E-03,+9.18304E-03,+129.54773E-03
-18.16800E-03,+9.25103E-03,+132.95226E-03
-18.08400E-03,+9.38711E-03,+136.97236E-03
-18.00000E-03,+9.26344E-03,+140.99246E-03
-17.91600E-03,+9.49228E-03,+145.01256E-03
-17.83200E-03,+9.39334E-03,+151.50749E-03
-17.74800E-03,+9.36862E-03,+153.05276E-03
-17.66400E-03,+9.58510E-03,+157.07041E-03
-17.58000E-03,+9.64078E-03,+161.09296E-03
-17.49600E-03,+9.71485E-03,+166.66323E-03
-17.41200E-03,+9.69057E-03,+173.46725E-03
-17.32800E-03,+9.82626E-03,+181.19347E-03
-17.24400E-03,+9.86349E-03,+189.23367E-03
-17.16000E-03,+9.97455E-03,+193.25377E-03
-17.07600E-03,+10.05525E-03,+197.27387E-03
-16.99200E-03,+10.06746E-03,+205.31407E-03
-16.90800E-03,+10.19078E-03,+209.33417E-03
-16.82400E-03,+10.07345E-03,+217.37437E-03
-16.74000E-03,+10.25897E-03,+225.41457E-03
-16.65600E-03,+10.30867E-03,+233.45477E-03
-16.57200E-03,+10.30892E-03,+237.47487E-03
-16.48800E-03,+10.41355E-03,+241.49497E-03
-16.40400E-03,+10.33987E-03,+247.97506E-03
-16.32000E-03,+10.54340E-03,+253.87920E-03
-16.23600E-03,+10.53163E-03,+261.59547E-03
-16.15200E-03,+10.54434E-03,+265.61558E-03
-16.06800E-03,+10.61757E-03,+273.65578E-03
-15.98400E-03,+10.54987E-03,+278.27661E-03
-15.90000E-03,+10.83474E-03,+281.69598E-03
-15.81600E-03,+10.85254E-03,+289.73618E-03
-15.73200E-03,+10.95188E-03,+293.75628E-03
-15.64800E-03,+10.98239E-03,+297.77638E-03
-15.56400E-03,+10.79108E-03,+301.79648E-03
-15.48000E-03,+11.11224E-03,+305.81658E-03
-15.39600E-03,+10.97616E-03,+305.81658E-03
-15.31200E-03,+11.11269E-03,+309.83668E-03
-15.22800E-03,+11.03229E-03,+313.52291E-03
-15.14400E-03,+11.09464E-03,+313.85678E-03
-15.06000E-03,+11.07506E-03,+315.99529E-03
-14.97600E-03,+11.12560E-03,+317.87688E-03
-14.89200E-03,+11.12450E-03,+321.89698E-03
-14.80800E-03,+11.19309E-03,+322.26313E-03
-14.72400E-03,+11.23522E-03,+321.89698E-03
-14.64000E-03,+11.35389E-03,+321.89698E-03
-14.55600E-03,+11.24318E-03,+321.89698E-03
-14.47200E-03,+11.38356E-03,+321.89698E-03
-14.38800E-03,+11.35389E-03,+321.89698E-03
-14.30400E-03,+11.35389E-03,+321.89698E-03
-14.22000E-03,+11.43430E-03,+320.31698E-03
-14.13600E-03,+11.58135E-03,+321.55317E-03
-14.05200E-03,+11.49685E-03,+317.87688E-03
-13.96800E-03,+11.47687E-03,+317.87688E-03
-13.88400E-03,+11.54091E-03,+314.51213E-03
-13.80000E-03,+11.53793E-03,+313.27594E-03
-13.71600E-03,+11.47836E-03,+313.85678E-03
-13.63200E-03,+11.55337E-03,+313.85678E-03
-13.54800E-03,+11.59510E-03,+309.83668E-03
-13.46400E-03,+11.58517E-03,+305.81658E-03
-13.38000E-03,+11.75960E-03,+305.81658E-03
-13.29600E-03,+11.51639E-03,+301.79648E-03
-13.21200E-03,+11.56246E-03,+302.99044E-03
-13.12800E-03,+11.56330E-03,+299.36632E-03
-13.04400E-03,+11.60925E-03,+297.77638E-03
-12.96000E-03,+11.65785E-03,+297.77638E-03
-12.87600E-03,+11.76025E-03,+289.73618E-03
-12.79200E-03,+11.60841E-03,+289.73618E-03
-12.70800E-03,+11.81347E-03,+289.16528E-03
-12.62400E-03,+11.67550E-03,+285.71608E-03
-12.54000E-03,+11.79723E-03,+285.71608E-03
-12.45600E-03,+11.76109E-03,+281.69598E-03
-12.37200E-03,+11.86622E-03,+275.15133E-03
-12.28800E-03,+11.83631E-03,+269.63568E-03
-12.20400E-03,+11.83631E-03,+269.63568E-03
-12.12000E-03,+11.72286E-03,+268.45165E-03
-12.03600E-03,+11.67550E-03,+265.61558E-03
-11.95200E-03,+11.83631E-03,+261.59547E-03
-11.86800E-03,+11.87121E-03,+256.70289E-03
-11.78400E-03,+11.75196E-03,+253.55527E-03
-11.70000E-03,+11.90320E-03,+249.53517E-03
-11.61600E-03,+11.91671E-03,+241.49497E-03
-11.53200E-03,+11.75590E-03,+237.47487E-03
-11.44800E-03,+11.95764E-03,+234.44154E-03
-11.36400E-03,+11.91172E-03,+229.43467E-03
-11.28000E-03,+11.88700E-03,+229.43467E-03
-11.19600E-03,+11.86478E-03,+218.67267E-03
-11.11200E-03,+11.91671E-03,+213.41638E-03
-11.02800E-03,+11.86975E-03,+213.35427E-03
-10.94400E-03,+11.83631E-03,+209.33417E-03
-10.86000E-03,+11.84378E-03,+201.66761E-03
-10.77600E-03,+11.91671E-03,+198.13641E-03
-10.69200E-03,+11.83631E-03,+193.25377E-03
-10.60800E-03,+11.85001E-03,+185.89874E-03
-10.52400E-03,+11.93875E-03,+185.21357E-03
-10.44000E-03,+11.87205E-03,+181.19347E-03
-10.35600E-03,+11.81637E-03,+176.17665E-03
-10.27200E-03,+11.83152E-03,+172.91379E-03
-10.18800E-03,+11.94622E-03,+167.65750E-03
-10.10400E-03,+11.97095E-03,+165.11306E-03
-10.02000E-03,+11.75879E-03,+161.09296E-03
-9.93600E-03,+12.05423E-03,+157.07286E-03
-9.85200E-03,+11.94910E-03,+153.05276E-03
-9.76800E-03,+11.85165E-03,+149.03266E-03
-9.68400E-03,+11.89966E-03,+145.01256E-03
-9.60000E-03,+11.87808E-03,+145.01256E-03
-9.51600E-03,+11.98321E-03,+140.99246E-03
-9.43200E-03,+11.94917E-03,+136.97236E-03
-9.34800E-03,+11.91671E-03,+136.97236E-03
-9.26400E-03,+11.91658E-03,+132.95226E-03
-9.18000E-03,+11.99252E-03,+132.95226E-03
-9.09600E-03,+11.99711E-03,+130.39788E-03
-9.01200E-03,+12.02347E-03,+132.95226E-03
-8.92800E-03,+12.07751E-03,+129.01416E-03
-8.84400E-03,+12.02019E-03,+131.79807E-03
-8.76000E-03,+11.91671E-03,+132.95226E-03
-8.67600E-03,+12.06964E-03,+136.57883E-03
-8.59200E-03,+12.01396E-03,+136.97236E-03
-8.50800E-03,+11.87513E-03,+136.97236E-03
-8.42400E-03,+11.99711E-03,+140.28740E-03
-8.34000E-03,+12.07751E-03,+140.99246E-03
-8.25600E-03,+11.96176E-03,+145.01256E-03
-8.17200E-03,+12.07751E-03,+149.03266E-03
-8.08800E-03,+12.06434E-03,+149.03266E-03
-8.00400E-03,+12.07751E-03,+157.07286E-03
-7.92000E-03,+11.97055E-03,+161.09296E-03
-7.83600E-03,+11.91671E-03,+165.11306E-03
-7.75200E-03,+11.91671E-03,+166.25731E-03
-7.66800E-03,+11.91671E-03,+177.17336E-03
-7.58400E-03,+11.99711E-03,+181.19347E-03
-7.50000E-03,+11.99711E-03,+188.40095E-03
-7.41600E-03,+12.03849E-03,+187.16476E-03
-7.33200E-03,+11.91671E-03,+193.96878E-03
-7.24800E-03,+12.15791E-03,+201.81515E-03
-7.16400E-03,+12.00722E-03,+207.07144E-03
-7.08000E-03,+11.93724E-03,+213.35427E-03
-6.99600E-03,+11.98872E-03,+217.37437E-03
-6.91200E-03,+11.99711E-03,+225.41457E-03
-6.82800E-03,+12.07751E-03,+229.43467E-03
-6.74400E-03,+12.00119E-03,+237.37299E-03
-6.66000E-03,+12.07751E-03,+241.49497E-03
-6.57600E-03,+12.15791E-03,+247.16468E-03
-6.49200E-03,+12.06924E-03,+253.55527E-03
-6.40800E-03,+12.06106E-03,+261.59547E-03
-6.32400E-03,+12.15596E-03,+267.57672E-03
-6.24000E-03,+11.87980E-03,+273.65578E-03
-6.15600E-03,+12.06729E-03,+281.69598E-03
-6.07200E-03,+12.19286E-03,+287.98875E-03
-5.98800E-03,+12.15791E-03,+290.77266E-03
-5.90400E-03,+12.15392E-03,+297.77638E-03
-5.82000E-03,+11.97414E-03,+301.79648E-03
-5.73600E-03,+12.02407E-03,+305.81658E-03
-5.65200E-03,+12.07751E-03,+305.81658E-03
-5.56800E-03,+12.10000E-03,+313.85678E-03
-5.48400E-03,+12.13874E-03,+315.51633E-03
-5.40000E-03,+12.07751E-03,+317.87688E-03
-5.31600E-03,+12.04588E-03,+321.89698E-03
-5.23200E-03,+12.11849E-03,+323.86807E-03
-5.14800E-03,+11.94610E-03,+325.18218E-03
-5.06400E-03,+12.07751E-03,+325.91708E-03
-4.98000E-03,+12.16882E-03,+328.19970E-03
-4.89600E-03,+12.03897E-03,+329.93718E-03
-4.81200E-03,+12.14653E-03,+329.93718E-03
-4.72800E-03,+12.12940E-03,+329.93718E-03
-4.64400E-03,+12.10467E-03,+332.59932E-03
-4.56000E-03,+12.07751E-03,+326.03886E-03
-4.47600E-03,+12.15791E-03,+328.82277E-03
-4.39200E-03,+12.09113E-03,+327.58658E-03
-4.30800E-03,+12.15791E-03,+325.91708E-03
-4.22400E-03,+12.09357E-03,+321.89698E-03
-4.14000E-03,+12.11713E-03,+319.91595E-03
-4.05600E-03,+12.06262E-03,+317.87688E-03
-3.97200E-03,+11.99711E-03,+317.87688E-03
-3.88800E-03,+12.20377E-03,+309.83668E-03
-3.80400E-03,+12.01824E-03,+306.87295E-03
-3.72000E-03,+12.22753E-03,+301.79648E-03
-3.63600E-03,+12.05375E-03,+297.77638E-03
-3.55200E-03,+12.21263E-03,+293.75628E-03
-3.46800E-03,+12.15791E-03,+289.60446E-03
-3.38400E-03,+12.19414E-03,+278.78035E-03
-3.30000E-03,+12.11110E-03,+275.33522E-03
-3.21600E-03,+12.08638E-03,+269.19242E-03
-3.13200E-03,+12.14206E-03,+261.59547E-03
-3.04800E-03,+12.03693E-03,+255.58440E-03
-2.96400E-03,+12.25341E-03,+253.55527E-03
-2.88000E-03,+12.03562E-03,+245.03367E-03
-2.79600E-03,+12.11186E-03,+239.77738E-03
-2.71200E-03,+12.17924E-03,+230.50099E-03
-2.62800E-03,+12.08431E-03,+225.41457E-03
-2.54400E-03,+12.18604E-03,+217.37437E-03
-2.46000E-03,+12.23832E-03,+217.37437E-03
-2.37600E-03,+12.15508E-03,+209.47583E-03
-2.29200E-03,+12.13602E-03,+205.31407E-03
-2.20800E-03,+12.27210E-03,+197.27387E-03
-2.12400E-03,+12.14885E-03,+193.25377E-03
-2.04000E-03,+12.23832E-03,+185.21357E-03
-1.95600E-03,+12.15755E-03,+183.19438E-03
-1.87200E-03,+12.22302E-03,+177.17336E-03
-1.78800E-03,+12.22889E-03,+169.13316E-03
-1.70400E-03,+12.04336E-03,+167.42551E-03
-1.62000E-03,+12.09904E-03,+165.11306E-03
-1.53600E-03,+12.08711E-03,+164.95314E-03
-1.45200E-03,+12.23832E-03,+154.44888E-03
-1.36800E-03,+12.10527E-03,+153.05276E-03
-1.28400E-03,+12.16095E-03,+145.16417E-03
-1.20000E-03,+12.20130E-03,+145.01256E-03
-1.11600E-03,+12.25075E-03,+145.01256E-03
-1.03200E-03,+12.08678E-03,+144.54942E-03
-948.00E-06,+12.15791E-03,+140.99246E-03
-864.00E-06,+12.19813E-03,+136.97236E-03
-780.00E-06,+12.22282E-03,+136.97236E-03
-696.00E-06,+12.29103E-03,+136.97236E-03
-612.00E-06,+12.25081E-03,+132.95226E-03
-528.00E-06,+12.21659E-03,+134.03847E-03
-444.00E-06,+12.24132E-03,+133.10224E-03
-360.00E-06,+12.15791E-03,+136.97236E-03
-276.00E-06,+12.21036E-03,+139.59472E-03
-192.00E-06,+12.16115E-03,+140.83091E-03
-108.00E-06,+12.25981E-03,+139.91782E-03
-24.00E-06,+12.19210E-03,+136.97236E-03
+60.00E-06,+11.94509E-03,+280.74981E-03
+144.00E-06,+11.82104E-03,+128.93216E-03
+228.00E-06,+9.02310E-03,+126.93286E-03
+312.00E-06,+5.77089E-03,+167.56393E-03
+396.00E-06,+10.54987E-03,+228.12401E-03
+480.00E-06,+10.14786E-03,+240.20582E-03
+564.00E-06,+5.68191E-03,+170.96096E-03
+648.00E-06,+9.58785E-03,+104.81156E-03
+732.00E-06,+9.55753E-03,+246.89130E-03
+816.00E-06,+9.52874E-03,+99.38377E-03
+900.00E-06,+8.85457E-03,+233.45477E-03
+984.00E-06,+7.65540E-03,+172.08857E-03
+1.06800E-03,+7.96538E-03,+96.77136E-03
+1.15200E-03,+8.55915E-03,+152.56973E-03
+1.23600E-03,+8.87650E-03,+218.12753E-03
+1.32000E-03,+8.94101E-03,+233.45477E-03
+1.40400E-03,+8.86143E-03,+204.51951E-03
+1.48800E-03,+8.85260E-03,+160.65133E-03
+1.57200E-03,+8.92157E-03,+127.25434E-03
+1.65600E-03,+8.80315E-03,+101.89755E-03
+1.74000E-03,+8.85883E-03,+96.77136E-03
+1.82400E-03,+8.80836E-03,+91.38497E-03
+1.90800E-03,+8.78103E-03,+99.37383E-03
+1.99200E-03,+8.86143E-03,+100.79146E-03
+2.07600E-03,+8.78103E-03,+112.85176E-03
+2.16000E-03,+8.89602E-03,+116.87186E-03
+2.24400E-03,+8.78103E-03,+124.91206E-03
+2.32800E-03,+8.81076E-03,+132.95226E-03
+2.41200E-03,+8.90225E-03,+136.97236E-03
+2.49600E-03,+8.87752E-03,+144.20806E-03
+2.58000E-03,+8.78966E-03,+145.01256E-03
+2.66400E-03,+8.87512E-03,+149.03266E-03
+2.74800E-03,+8.86143E-03,+153.05276E-03
+2.83200E-03,+8.86143E-03,+156.95271E-03
+2.91600E-03,+8.99511E-03,+157.07286E-03
+3.00000E-03,+8.85618E-03,+158.50043E-03
+3.08400E-03,+8.86526E-03,+157.07286E-03
+3.16800E-03,+8.88233E-03,+161.09296E-03
+3.25200E-03,+8.93100E-03,+163.37396E-03
+3.33600E-03,+8.86143E-03,+161.09296E-03
+3.42000E-03,+8.79570E-03,+161.09296E-03
+3.50400E-03,+9.02061E-03,+161.09296E-03
+3.58800E-03,+8.89401E-03,+161.09296E-03
+3.67200E-03,+8.86987E-03,+160.67122E-03
+3.75600E-03,+8.94183E-03,+154.71069E-03
+3.84000E-03,+8.91931E-03,+157.07286E-03
+3.92400E-03,+8.93963E-03,+156.96266E-03
+4.00800E-03,+8.99531E-03,+157.07286E-03
+4.09200E-03,+9.02224E-03,+153.05276E-03
+4.17600E-03,+9.01821E-03,+149.03266E-03
+4.26000E-03,+9.02224E-03,+152.01790E-03
+4.34400E-03,+8.98726E-03,+149.03266E-03
+4.42800E-03,+8.99146E-03,+149.03266E-03
+4.51200E-03,+8.87590E-03,+145.01256E-03
+4.59600E-03,+8.90062E-03,+143.05304E-03
+4.68000E-03,+8.95832E-03,+140.99246E-03
+4.76400E-03,+9.00576E-03,+140.58066E-03
+4.84800E-03,+8.98928E-03,+132.95226E-03
+4.93200E-03,+8.74607E-03,+135.83643E-03
+5.01600E-03,+8.78103E-03,+132.95226E-03
+5.10000E-03,+9.04897E-03,+128.93216E-03
+5.18400E-03,+8.91933E-03,+126.35952E-03
+5.26800E-03,+8.86566E-03,+128.93216E-03
+5.35200E-03,+8.98124E-03,+128.93216E-03
+5.43600E-03,+9.02224E-03,+124.91206E-03
+5.52000E-03,+8.95229E-03,+124.91206E-03
+5.60400E-03,+8.95610E-03,+120.89196E-03
+5.68800E-03,+8.98324E-03,+118.82143E-03
+5.77200E-03,+9.05258E-03,+116.87186E-03
+5.85600E-03,+8.94183E-03,+116.87186E-03
+5.94000E-03,+8.94183E-03,+112.85176E-03
+6.02400E-03,+8.99932E-03,+112.85176E-03
+6.10800E-03,+8.86324E-03,+108.83166E-03
+6.19200E-03,+9.04958E-03,+106.13807E-03
+6.27600E-03,+9.00013E-03,+108.83166E-03
+6.36000E-03,+8.94183E-03,+104.81156E-03
+6.44400E-03,+8.88173E-03,+101.80643E-03
+6.52800E-03,+9.02224E-03,+104.81156E-03
+6.61200E-03,+9.16173E-03,+104.27881E-03
+6.69600E-03,+9.08857E-03,+100.79146E-03
+6.78000E-03,+8.90022E-03,+98.85182E-03
+6.86400E-03,+9.11952E-03,+99.94718E-03
+6.94800E-03,+9.01440E-03,+96.77136E-03
+7.03200E-03,+8.98967E-03,+96.77136E-03
+7.11600E-03,+8.90766E-03,+96.77136E-03
+7.20000E-03,+9.10425E-03,+92.83163E-03
+7.28400E-03,+8.91409E-03,+99.47489E-03
+7.36800E-03,+9.02224E-03,+96.77136E-03
+7.45200E-03,+8.95108E-03,+92.98241E-03
+7.53600E-03,+8.96193E-03,+96.77136E-03
+7.62000E-03,+9.02224E-03,+94.53013E-03
+7.70400E-03,+9.08093E-03,+96.77136E-03
+7.78800E-03,+9.07490E-03,+96.77136E-03
+7.87200E-03,+9.06083E-03,+98.70104E-03
+7.95600E-03,+9.10264E-03,+100.79146E-03
+8.04000E-03,+9.01460E-03,+100.79146E-03
+8.12400E-03,+9.05460E-03,+103.19340E-03
+8.20800E-03,+9.13641E-03,+101.95721E-03
+8.29200E-03,+9.18022E-03,+104.88199E-03
+8.37600E-03,+9.12877E-03,+108.83166E-03
+8.46000E-03,+9.07309E-03,+108.83166E-03
+8.54400E-03,+9.10264E-03,+112.61066E-03
+8.62800E-03,+9.02224E-03,+112.85176E-03
+8.71200E-03,+9.06686E-03,+115.08303E-03
+8.79600E-03,+9.10264E-03,+116.87186E-03
+8.88000E-03,+9.22405E-03,+117.55541E-03
+8.96400E-03,+9.06786E-03,+120.89196E-03
+9.04800E-03,+9.00495E-03,+120.89196E-03
+9.13200E-03,+8.93439E-03,+124.54004E-03
+9.21600E-03,+9.11871E-03,+130.54037E-03
+9.30000E-03,+9.04575E-03,+132.95226E-03
+9.38400E-03,+9.02466E-03,+136.97236E-03
+9.46800E-03,+9.15711E-03,+140.99246E-03
+9.55200E-03,+9.07289E-03,+145.01256E-03
+9.63600E-03,+9.09260E-03,+149.03266E-03
+9.72000E-03,+9.08294E-03,+153.05276E-03
+9.80400E-03,+9.09419E-03,+158.87163E-03
+9.88800E-03,+9.03349E-03,+157.63544E-03
+9.97200E-03,+9.03571E-03,+165.11306E-03
+10.05600E-03,+9.02224E-03,+169.13316E-03
+10.14000E-03,+9.03972E-03,+174.02738E-03
+10.22400E-03,+9.09540E-03,+177.53544E-03
+10.30800E-03,+9.15108E-03,+178.77163E-03
+10.39200E-03,+9.12635E-03,+185.21357E-03
+10.47600E-03,+9.26041E-03,+189.18312E-03
+10.56000E-03,+9.07051E-03,+186.50030E-03
+10.64400E-03,+9.18304E-03,+193.25377E-03
+10.72800E-03,+8.88753E-03,+193.25377E-03
+10.81200E-03,+9.08313E-03,+197.27387E-03
+10.89600E-03,+9.13881E-03,+201.29397E-03
+10.98000E-03,+9.24054E-03,+197.84639E-03
+11.06400E-03,+9.18304E-03,+205.31407E-03
+11.14800E-03,+9.10264E-03,+205.31407E-03
+11.23200E-03,+9.26344E-03,+205.31407E-03
+11.31600E-03,+9.19008E-03,+209.33417E-03
+11.40000E-03,+9.16617E-03,+213.35427E-03
+11.48400E-03,+9.23953E-03,+213.35427E-03
+11.56800E-03,+9.26263E-03,+213.35427E-03
+11.65200E-03,+9.13197E-03,+217.37437E-03
+11.73600E-03,+9.23330E-03,+217.37437E-03
+11.82000E-03,+9.03307E-03,+221.39447E-03
+11.90400E-03,+9.26344E-03,+224.44931E-03
+11.98800E-03,+9.19070E-03,+225.41457E-03
+12.07200E-03,+9.11429E-03,+228.85220E-03
+12.15600E-03,+9.16997E-03,+229.43467E-03
+12.24000E-03,+9.14044E-03,+231.32458E-03
+12.32400E-03,+9.13840E-03,+233.45477E-03
+12.40800E-03,+9.12317E-03,+233.79696E-03
+12.49200E-03,+9.18304E-03,+237.47487E-03
+12.57600E-03,+9.12675E-03,+241.49497E-03
+12.66000E-03,+9.10325E-03,+241.46432E-03
+12.74400E-03,+9.21277E-03,+238.74172E-03
+12.82800E-03,+9.25282E-03,+241.49497E-03
+12.91200E-03,+9.33261E-03,+245.23420E-03
+12.99600E-03,+9.22125E-03,+241.49497E-03
+13.08000E-03,+9.17578E-03,+245.51507E-03
+13.16400E-03,+9.18304E-03,+245.51507E-03
+13.24800E-03,+9.11551E-03,+245.51507E-03
+13.33200E-03,+9.26344E-03,+245.51507E-03
+13.41600E-03,+9.26344E-03,+245.51507E-03
+13.50000E-03,+9.33720E-03,+241.49497E-03
+13.58400E-03,+9.14771E-03,+243.06341E-03
+13.66800E-03,+9.34384E-03,+241.49497E-03
+13.75200E-03,+9.18263E-03,+241.49497E-03
+13.83600E-03,+9.18304E-03,+241.49497E-03
+13.92000E-03,+9.18304E-03,+241.49497E-03
+14.00400E-03,+9.18304E-03,+241.49497E-03
+14.08800E-03,+9.20195E-03,+241.49497E-03
+14.17200E-03,+9.30707E-03,+239.31341E-03
+14.25600E-03,+9.25140E-03,+238.07723E-03
+14.34000E-03,+9.18304E-03,+241.49497E-03
+14.42400E-03,+9.25224E-03,+237.47487E-03
+14.50800E-03,+9.28172E-03,+237.47487E-03
+14.59200E-03,+9.12198E-03,+233.45477E-03
+14.67600E-03,+9.24538E-03,+233.45477E-03
+14.76000E-03,+9.23893E-03,+229.43467E-03
+14.84400E-03,+9.02245E-03,+229.43467E-03
+14.92800E-03,+9.20798E-03,+225.41457E-03
+15.01200E-03,+9.23270E-03,+225.41457E-03
+15.09600E-03,+9.17703E-03,+217.67513E-03
+15.18000E-03,+9.14006E-03,+217.37437E-03
+15.26400E-03,+9.18304E-03,+209.33417E-03
+15.34800E-03,+9.04673E-03,+209.33417E-03
+15.43200E-03,+9.11512E-03,+204.69018E-03
+15.51600E-03,+9.13984E-03,+201.29397E-03
+15.60000E-03,+9.18304E-03,+193.25377E-03
+15.68400E-03,+9.18929E-03,+189.23367E-03
+15.76800E-03,+9.20150E-03,+185.21357E-03
+15.85200E-03,+9.10892E-03,+181.19347E-03
+15.93600E-03,+9.02225E-03,+177.17419E-03
+16.02000E-03,+9.10882E-03,+173.15326E-03
+16.10400E-03,+8.99130E-03,+173.15326E-03
+16.18800E-03,+8.80589E-03,+164.80236E-03
+16.27200E-03,+9.08413E-03,+161.09296E-03
+16.35600E-03,+8.94790E-03,+157.07286E-03
+16.44000E-03,+8.94183E-03,+157.07286E-03
+16.52400E-03,+8.95411E-03,+149.03266E-03
+16.60800E-03,+8.89844E-03,+149.03266E-03
+16.69200E-03,+8.84276E-03,+145.94634E-03
+16.77600E-03,+8.86143E-03,+141.29487E-03
+16.86000E-03,+8.83066E-03,+140.99246E-03
+16.94400E-03,+8.86143E-03,+140.99246E-03
+17.02800E-03,+8.86161E-03,+136.97236E-03
+17.11200E-03,+8.64477E-03,+130.15923E-03
+17.19600E-03,+8.78103E-03,+128.93216E-03
+17.28000E-03,+8.99658E-03,+125.23271E-03
+17.36400E-03,+8.86859E-03,+120.89196E-03
+17.44800E-03,+8.70063E-03,+118.74023E-03
+17.53200E-03,+8.63287E-03,+112.85176E-03
+17.61600E-03,+8.53982E-03,+109.43566E-03
+17.70000E-03,+8.53982E-03,+112.85176E-03
+17.78400E-03,+8.68175E-03,+108.83166E-03
+17.86800E-03,+8.54567E-03,+108.83166E-03
+17.95200E-03,+8.53982E-03,+103.28290E-03
+18.03600E-03,+8.42923E-03,+100.79146E-03
+18.12000E-03,+8.53906E-03,+100.79146E-03
+18.20400E-03,+8.40336E-03,+99.57433E-03
+18.28800E-03,+8.47715E-03,+100.79146E-03
+18.37200E-03,+8.52660E-03,+100.79146E-03
+18.45600E-03,+8.29066E-03,+100.79146E-03
+18.54000E-03,+8.26632E-03,+100.79146E-03
+18.62400E-03,+8.24390E-03,+100.14933E-03
+18.70800E-03,+8.29862E-03,+100.79146E-03
+18.79200E-03,+8.33522E-03,+102.98131E-03
+18.87600E-03,+8.13781E-03,+104.81156E-03
+18.96000E-03,+8.21257E-03,+108.83166E-03
+19.04400E-03,+8.29862E-03,+111.33304E-03
+19.12800E-03,+8.24801E-03,+112.85176E-03
+19.21200E-03,+8.05799E-03,+112.85176E-03
+19.29600E-03,+8.10570E-03,+114.05894E-03
+19.38000E-03,+8.08895E-03,+120.89196E-03
+19.46400E-03,+7.98382E-03,+124.57152E-03
+19.54800E-03,+8.02159E-03,+124.91206E-03
+19.63200E-03,+8.06228E-03,+126.80032E-03
+19.71600E-03,+8.03133E-03,+128.93216E-03
+19.80000E-03,+8.04573E-03,+132.95226E-03
+19.88400E-03,+8.05741E-03,+136.97236E-03
+19.96800E-03,+8.01555E-03,+136.97236E-03
+20.05200E-03,+7.90206E-03,+140.99246E-03
+20.13600E-03,+7.97701E-03,+140.99246E-03
+20.22000E-03,+8.05741E-03,+140.99246E-03
+20.30400E-03,+8.05663E-03,+148.99371E-03
+20.38800E-03,+7.95307E-03,+149.03266E-03
+20.47200E-03,+7.92834E-03,+157.07286E-03
+20.55600E-03,+8.05741E-03,+157.42335E-03
+20.64000E-03,+8.12010E-03,+165.11306E-03
+20.72400E-03,+8.18025E-03,+169.13316E-03
+20.80800E-03,+8.13781E-03,+177.17336E-03
+20.89200E-03,+8.13781E-03,+177.17336E-03
+20.97600E-03,+8.13781E-03,+183.40320E-03
+21.06000E-03,+8.03794E-03,+185.21357E-03
+21.14400E-03,+8.14307E-03,+189.23367E-03
+21.22800E-03,+8.26864E-03,+191.75494E-03
+21.31200E-03,+8.02841E-03,+197.27387E-03
+21.39600E-03,+8.22017E-03,+197.32276E-03
+21.48000E-03,+8.16156E-03,+209.33417E-03
+21.56400E-03,+8.26669E-03,+211.75765E-03
+21.64800E-03,+8.15223E-03,+213.35427E-03
+21.73200E-03,+8.40688E-03,+216.49861E-03
+21.81600E-03,+8.25638E-03,+221.39447E-03
+21.90000E-03,+8.39246E-03,+221.39447E-03
+21.98400E-03,+8.44814E-03,+225.41457E-03
+22.06800E-03,+8.37902E-03,+225.41457E-03
+22.15200E-03,+8.45942E-03,+233.45477E-03
+22.23600E-03,+8.46953E-03,+229.68737E-03
+22.32000E-03,+8.65000E-03,+233.45477E-03
+22.40400E-03,+8.53982E-03,+237.47487E-03
+22.48800E-03,+8.77868E-03,+237.47487E-03
+22.57200E-03,+8.59668E-03,+241.49497E-03
+22.65600E-03,+8.53982E-03,+241.49497E-03
+22.74000E-03,+8.78103E-03,+245.51507E-03
+22.82400E-03,+8.84412E-03,+245.51507E-03
+22.90800E-03,+8.78103E-03,+247.43317E-03
+22.99200E-03,+8.95547E-03,+249.53517E-03
+23.07600E-03,+8.94183E-03,+253.00099E-03
+23.16000E-03,+8.85265E-03,+253.55527E-03
+23.24400E-03,+8.98157E-03,+252.56184E-03
+23.32800E-03,+9.02224E-03,+257.33262E-03
+23.41200E-03,+8.96308E-03,+253.55527E-03
+23.49600E-03,+9.10474E-03,+253.55527E-03
+23.58000E-03,+9.02499E-03,+253.55527E-03
+23.66400E-03,+9.20639E-03,+253.55527E-03
+23.74800E-03,+9.08690E-03,+251.93877E-03
+23.83200E-03,+9.32103E-03,+253.55527E-03
+23.91600E-03,+9.21728E-03,+249.53517E-03
+24.00000E-03,+9.34056E-03,+249.53517E-03
+24.08400E-03,+9.41041E-03,+245.51507E-03
+24.16800E-03,+9.34384E-03,+245.51507E-03
+24.25200E-03,+9.26344E-03,+241.49497E-03
+24.33600E-03,+9.34384E-03,+241.49497E-03
+24.42000E-03,+9.43356E-03,+237.24206E-03
+24.50400E-03,+9.42425E-03,+233.45477E-03
+24.58800E-03,+9.58656E-03,+232.13986E-03
+24.67200E-03,+9.58348E-03,+229.43467E-03
+24.75600E-03,+9.60820E-03,+221.39447E-03
+24.84000E-03,+9.76120E-03,+221.39447E-03
+24.92400E-03,+9.59286E-03,+221.39447E-03
+25.00800E-03,+9.64853E-03,+217.37437E-03
+25.09200E-03,+9.54629E-03,+211.27215E-03
+25.17600E-03,+9.75989E-03,+208.63238E-03
+25.26000E-03,+9.73517E-03,+201.82836E-03
+25.34400E-03,+9.67503E-03,+197.27387E-03
+25.42800E-03,+9.66545E-03,+193.25377E-03
+25.51200E-03,+9.82180E-03,+189.23367E-03
+25.59600E-03,+9.74585E-03,+183.75451E-03
+25.68000E-03,+9.61155E-03,+181.19347E-03
+25.76400E-03,+9.74763E-03,+173.24193E-03
+25.84800E-03,+9.86076E-03,+166.26058E-03
+25.93200E-03,+9.79353E-03,+162.72936E-03
+26.01600E-03,+9.82626E-03,+157.07286E-03
+26.10000E-03,+9.88994E-03,+153.05276E-03
+26.18400E-03,+9.86770E-03,+149.03266E-03
+26.26800E-03,+9.82626E-03,+140.99246E-03
+26.35200E-03,+9.81577E-03,+132.95226E-03
+26.43600E-03,+9.82626E-03,+130.69280E-03
+26.52000E-03,+9.94613E-03,+125.93533E-03
+26.60400E-03,+9.89814E-03,+120.89196E-03
+26.68800E-03,+9.77484E-03,+120.89196E-03
+26.77200E-03,+9.82626E-03,+116.87186E-03
+26.85600E-03,+9.82626E-03,+112.85176E-03
+26.94000E-03,+9.83840E-03,+112.85176E-03
+27.02400E-03,+9.93959E-03,+108.83166E-03
+27.10800E-03,+9.84266E-03,+109.24180E-03
+27.19200E-03,+9.90666E-03,+105.63760E-03
+27.27600E-03,+9.94790E-03,+104.81156E-03
+27.36000E-03,+9.90666E-03,+105.53324E-03
+27.44400E-03,+9.91695E-03,+104.81156E-03
+27.52800E-03,+9.88202E-03,+103.06086E-03
+27.61200E-03,+9.86758E-03,+104.81156E-03
+27.69600E-03,+9.97894E-03,+104.81156E-03
+27.78000E-03,+9.98111E-03,+104.81156E-03
+27.86400E-03,+9.93355E-03,+106.15630E-03
+27.94800E-03,+9.90232E-03,+104.92011E-03
+28.03200E-03,+9.80370E-03,+108.83166E-03
+28.11600E-03,+10.02019E-03,+111.19548E-03
+28.20000E-03,+9.83466E-03,+112.85176E-03
+28.28400E-03,+10.06746E-03,+116.87186E-03
+28.36800E-03,+9.90497E-03,+118.83967E-03
+28.45200E-03,+9.90666E-03,+120.89196E-03
+28.53600E-03,+9.84644E-03,+124.40749E-03
+28.62000E-03,+9.91743E-03,+124.91206E-03
+28.70400E-03,+10.08833E-03,+129.97532E-03
+28.78800E-03,+9.98320E-03,+136.97236E-03
+28.87200E-03,+9.84949E-03,+136.97236E-03
+28.95600E-03,+9.85335E-03,+142.34715E-03
+29.04000E-03,+9.98706E-03,+145.01256E-03
+29.12400E-03,+10.02275E-03,+149.03266E-03
+29.20800E-03,+9.85958E-03,+155.40664E-03
+29.29200E-03,+9.83486E-03,+157.50290E-03
+29.37600E-03,+9.92278E-03,+164.30691E-03
+29.46000E-03,+9.86581E-03,+169.13316E-03
+29.54400E-03,+9.90666E-03,+173.15326E-03
+29.62800E-03,+9.98706E-03,+177.17336E-03
+29.71200E-03,+9.95244E-03,+181.19347E-03
+29.79600E-03,+10.06746E-03,+185.21357E-03
+29.88000E-03,+10.06380E-03,+189.41675E-03
+29.96400E-03,+9.88303E-03,+193.25377E-03
+30.04800E-03,+10.06746E-03,+197.27387E-03
+30.13200E-03,+9.91180E-03,+201.16552E-03
+30.21600E-03,+9.87057E-03,+209.33417E-03
+30.30000E-03,+9.94018E-03,+211.67810E-03
+30.38400E-03,+10.13027E-03,+217.37437E-03
+30.46800E-03,+10.00298E-03,+217.37437E-03
+30.55200E-03,+10.10811E-03,+221.39447E-03
+30.63600E-03,+10.06746E-03,+225.41457E-03
+30.72000E-03,+10.26989E-03,+229.43467E-03
+30.80400E-03,+9.90666E-03,+233.45477E-03
+30.88800E-03,+9.92328E-03,+237.47487E-03
+30.97200E-03,+9.98706E-03,+241.49497E-03
+31.05600E-03,+10.01525E-03,+241.49497E-03
+31.14000E-03,+9.98706E-03,+245.51507E-03
+31.22400E-03,+10.13679E-03,+249.39678E-03
+31.30800E-03,+9.87017E-03,+253.55527E-03
+31.39200E-03,+9.98706E-03,+253.55527E-03
+31.47600E-03,+10.04047E-03,+261.59547E-03
+31.56000E-03,+9.95383E-03,+257.57537E-03
+31.64400E-03,+9.94661E-03,+257.57537E-03
+31.72800E-03,+9.97183E-03,+261.59547E-03
+31.81200E-03,+10.06746E-03,+262.07021E-03
+31.89600E-03,+10.06746E-03,+265.61558E-03
+31.98000E-03,+10.00852E-03,+265.61558E-03
+32.06400E-03,+9.98706E-03,+261.75867E-03
+32.14800E-03,+10.09189E-03,+262.99486E-03
+32.23200E-03,+10.03977E-03,+261.59547E-03
+32.31600E-03,+10.14490E-03,+261.59547E-03
+32.40000E-03,+10.02395E-03,+261.59547E-03
+32.48400E-03,+10.06746E-03,+261.59547E-03
+32.56800E-03,+10.05827E-03,+257.57537E-03
+32.65200E-03,+9.93771E-03,+253.55527E-03
+32.73600E-03,+9.98696E-03,+253.55527E-03
+32.82000E-03,+9.98706E-03,+253.55527E-03
+32.90400E-03,+10.05817E-03,+245.51507E-03
+32.98800E-03,+9.95304E-03,+243.19595E-03
+33.07200E-03,+9.94998E-03,+238.55781E-03
+33.15600E-03,+9.98706E-03,+237.47487E-03
+33.24000E-03,+10.06746E-03,+233.45477E-03
+33.32400E-03,+10.04284E-03,+228.04020E-03
+33.40800E-03,+10.06430E-03,+225.41457E-03
+33.49200E-03,+10.00862E-03,+221.39447E-03
+33.57600E-03,+10.05530E-03,+215.06027E-03
+33.66000E-03,+10.06746E-03,+213.35427E-03
+33.74400E-03,+9.85691E-03,+208.56779E-03
+33.82800E-03,+10.02741E-03,+203.31150E-03
+33.91200E-03,+10.06746E-03,+197.27387E-03
+33.99600E-03,+9.93395E-03,+193.25377E-03
+34.08000E-03,+9.98706E-03,+187.54263E-03
+34.16400E-03,+10.03078E-03,+185.21357E-03
+34.24800E-03,+10.06746E-03,+181.05015E-03
+34.33200E-03,+9.95947E-03,+173.15326E-03
+34.41600E-03,+10.01515E-03,+169.13316E-03
+34.50000E-03,+10.07083E-03,+165.11306E-03
+34.58400E-03,+9.96570E-03,+161.09296E-03
+34.66800E-03,+10.10178E-03,+155.35692E-03
+34.75200E-03,+10.05787E-03,+149.03266E-03
+34.83600E-03,+10.08259E-03,+145.01256E-03
+34.92000E-03,+9.98636E-03,+140.99246E-03
+35.00400E-03,+10.08329E-03,+140.99246E-03
+35.08800E-03,+9.97816E-03,+136.97236E-03
+35.17200E-03,+10.00022E-03,+128.93216E-03
+35.25600E-03,+10.04541E-03,+128.93216E-03
+35.34000E-03,+10.14786E-03,+125.04543E-03
+35.42400E-03,+10.14786E-03,+122.26152E-03
+35.50800E-03,+10.11958E-03,+120.89196E-03
+35.59200E-03,+9.99062E-03,+117.05002E-03
+35.67600E-03,+10.00822E-03,+116.87186E-03
+35.76000E-03,+10.03294E-03,+116.87186E-03
+35.84400E-03,+10.00665E-03,+112.85176E-03
+35.92800E-03,+10.03760E-03,+112.10527E-03
+36.01200E-03,+9.94631E-03,+108.83166E-03
+36.09600E-03,+10.00309E-03,+112.05053E-03
+36.18000E-03,+9.99576E-03,+108.83166E-03
+36.26400E-03,+10.03404E-03,+107.16051E-03
+36.34800E-03,+10.03157E-03,+107.71889E-03
+36.43200E-03,+10.06746E-03,+108.70823E-03
+36.51600E-03,+10.01425E-03,+107.47204E-03
+36.60000E-03,+10.03392E-03,+106.23585E-03
+36.68400E-03,+9.98706E-03,+104.81156E-03
+36.76800E-03,+10.10939E-03,+108.83166E-03
+36.85200E-03,+10.02178E-03,+111.11593E-03
+36.93600E-03,+9.99705E-03,+108.83166E-03
+37.02000E-03,+9.93612E-03,+112.85176E-03
+37.10400E-03,+10.10542E-03,+110.80439E-03
+37.18800E-03,+10.01879E-03,+116.87186E-03
+37.27200E-03,+10.13936E-03,+116.87186E-03
+37.35600E-03,+9.93988E-03,+116.87186E-03
+37.44000E-03,+9.98706E-03,+120.89196E-03
+37.52400E-03,+10.06746E-03,+124.91206E-03
+37.60800E-03,+9.93365E-03,+124.91206E-03
+37.69200E-03,+9.80322E-03,+124.91206E-03
+37.77600E-03,+9.90666E-03,+128.93216E-03
+37.86000E-03,+9.98706E-03,+131.91412E-03
+37.94400E-03,+9.94157E-03,+132.95226E-03
+38.02800E-03,+9.97687E-03,+136.97236E-03
+38.11200E-03,+9.93572E-03,+137.69896E-03
+38.19600E-03,+10.02821E-03,+140.99246E-03
+38.28000E-03,+9.89024E-03,+148.21154E-03
+38.36400E-03,+9.95385E-03,+149.03266E-03
+38.44800E-03,+9.82626E-03,+153.05276E-03
+38.53200E-03,+9.71076E-03,+155.94021E-03
+38.61600E-03,+9.82211E-03,+157.07286E-03
+38.70000E-03,+9.82626E-03,+158.41259E-03
+38.78400E-03,+9.84889E-03,+161.09296E-03
+38.86800E-03,+9.66545E-03,+165.11306E-03
+38.95200E-03,+9.66545E-03,+170.16136E-03
+39.03600E-03,+9.58505E-03,+177.17336E-03
+39.12000E-03,+9.66545E-03,+181.19347E-03
+39.20400E-03,+9.62245E-03,+185.21357E-03
+39.28800E-03,+9.50007E-03,+189.23367E-03
+39.37200E-03,+9.42425E-03,+196.44280E-03
+39.45600E-03,+9.42425E-03,+201.29397E-03
+39.54000E-03,+9.34384E-03,+198.91518E-03
+39.62400E-03,+9.28629E-03,+205.31407E-03
+39.70800E-03,+9.26344E-03,+209.33417E-03
+39.79200E-03,+9.12985E-03,+213.35427E-03
+39.87600E-03,+9.05132E-03,+221.39447E-03
+39.96000E-03,+8.94619E-03,+225.19663E-03
+40.04400E-03,+8.90110E-03,+225.41457E-03
+40.12800E-03,+8.81634E-03,+229.43467E-03
+40.21200E-03,+8.80221E-03,+236.94540E-03
+40.29600E-03,+8.78103E-03,+241.49497E-03
+40.38000E-03,+8.77834E-03,+241.49497E-03
+40.46400E-03,+8.55664E-03,+245.51507E-03
+40.54800E-03,+8.37902E-03,+249.53517E-03
+40.63200E-03,+8.39650E-03,+249.53517E-03
+40.71600E-03,+8.27557E-03,+256.42283E-03
+40.80000E-03,+8.29695E-03,+257.57537E-03
+40.88400E-03,+8.05741E-03,+258.89521E-03
+40.96800E-03,+8.05741E-03,+261.59547E-03
+41.05200E-03,+7.90117E-03,+261.59547E-03
+41.13600E-03,+7.81621E-03,+265.61558E-03
+41.22000E-03,+7.77132E-03,+265.61558E-03
+41.30400E-03,+7.59658E-03,+273.11636E-03
+41.38800E-03,+7.50853E-03,+270.33245E-03
+41.47200E-03,+7.45594E-03,+271.56864E-03
+41.55600E-03,+7.12663E-03,+273.65578E-03
+41.64000E-03,+7.26110E-03,+274.04101E-03
+41.72400E-03,+7.12502E-03,+273.65578E-03
+41.80800E-03,+7.12649E-03,+273.65578E-03
+41.89200E-03,+6.77393E-03,+277.67588E-03
+41.97600E-03,+6.90559E-03,+273.65578E-03
+42.06000E-03,+6.74954E-03,+269.63568E-03
+42.14400E-03,+6.84187E-03,+265.85340E-03
+42.22800E-03,+6.61018E-03,+268.63732E-03
+42.31200E-03,+6.52977E-03,+267.85012E-03
+42.39600E-03,+6.52977E-03,+265.61558E-03
+42.48000E-03,+6.35523E-03,+261.59547E-03
+42.56400E-03,+6.44937E-03,+257.57537E-03
+42.64800E-03,+6.22538E-03,+254.41617E-03
+42.73200E-03,+6.14278E-03,+253.55527E-03
+42.81600E-03,+6.27263E-03,+251.94379E-03
+42.90000E-03,+6.12776E-03,+244.34264E-03
+42.98400E-03,+6.04991E-03,+241.49497E-03
+43.06800E-03,+6.02136E-03,+241.49497E-03
+43.15200E-03,+6.02632E-03,+237.47487E-03
+43.23600E-03,+5.89647E-03,+233.20700E-03
+43.32000E-03,+6.02759E-03,+221.39447E-03
+43.40400E-03,+5.96696E-03,+221.39447E-03
+43.48800E-03,+5.82853E-03,+220.83516E-03
+43.57200E-03,+5.98050E-03,+217.37437E-03
+43.65600E-03,+6.04348E-03,+211.24724E-03
+43.74000E-03,+5.98438E-03,+205.31407E-03
+43.82400E-03,+6.04736E-03,+201.29397E-03
+43.90800E-03,+5.99899E-03,+197.27387E-03
+43.99200E-03,+5.96696E-03,+194.90912E-03
+44.07600E-03,+6.04736E-03,+189.17985E-03
+44.16000E-03,+6.18237E-03,+182.48347E-03
+44.24400E-03,+6.02672E-03,+175.67946E-03
+44.32800E-03,+6.12776E-03,+177.17336E-03
+44.41200E-03,+6.22774E-03,+168.15469E-03
+44.49600E-03,+6.28857E-03,+162.89840E-03
+44.58000E-03,+6.29995E-03,+161.09296E-03
+44.66400E-03,+6.36897E-03,+157.07286E-03
+44.74800E-03,+6.41559E-03,+155.16973E-03
+44.83200E-03,+6.40420E-03,+149.03266E-03
+44.91600E-03,+6.61018E-03,+148.67726E-03
+45.00000E-03,+6.72241E-03,+142.58406E-03
+45.08400E-03,+6.71442E-03,+138.16468E-03
+45.16800E-03,+6.93091E-03,+136.97236E-03
+45.25200E-03,+6.90618E-03,+135.69230E-03
+45.33600E-03,+6.94220E-03,+131.44841E-03
+45.42000E-03,+7.00148E-03,+128.93216E-03
+45.50400E-03,+7.25339E-03,+124.91206E-03
+45.58800E-03,+7.25339E-03,+120.89196E-03
+45.67200E-03,+7.47143E-03,+121.47115E-03
+45.75600E-03,+7.57500E-03,+116.87186E-03
+45.84000E-03,+7.65073E-03,+116.87186E-03
+45.92400E-03,+7.87879E-03,+112.85176E-03
+46.00800E-03,+7.83002E-03,+116.52640E-03
+46.09200E-03,+7.97701E-03,+112.85176E-03
+46.17600E-03,+8.13781E-03,+112.85176E-03
+46.26000E-03,+8.05809E-03,+108.86559E-03
+46.34400E-03,+8.24781E-03,+112.85176E-03
+46.42800E-03,+8.26834E-03,+112.85176E-03
+46.51200E-03,+8.53427E-03,+109.10926E-03
+46.59600E-03,+8.44025E-03,+112.85176E-03
+46.68000E-03,+8.65673E-03,+111.02643E-03
+46.76400E-03,+8.68885E-03,+112.85176E-03
+46.84800E-03,+8.86143E-03,+116.22481E-03
+46.93200E-03,+9.05990E-03,+116.87186E-03
+47.01600E-03,+9.18304E-03,+120.89196E-03
+47.10000E-03,+9.18304E-03,+121.22748E-03
+47.18400E-03,+9.19694E-03,+124.91206E-03
+47.26800E-03,+9.26344E-03,+128.93216E-03
+47.35200E-03,+9.34384E-03,+132.95226E-03
+47.43600E-03,+9.47944E-03,+132.95226E-03
+47.52000E-03,+9.47417E-03,+134.47600E-03
+47.60400E-03,+9.72285E-03,+144.72501E-03
+47.68800E-03,+9.64648E-03,+141.94110E-03
+47.77200E-03,+9.74585E-03,+146.84783E-03
+47.85600E-03,+9.81427E-03,+149.03266E-03
+47.94000E-03,+9.80077E-03,+157.07286E-03
+48.02400E-03,+9.78332E-03,+158.94616E-03
+48.10800E-03,+9.86268E-03,+165.11306E-03
+48.19200E-03,+9.98706E-03,+169.45874E-03
+48.27600E-03,+9.95583E-03,+173.15326E-03
+48.36000E-03,+9.98706E-03,+178.39551E-03
+48.44400E-03,+10.06718E-03,+185.22761E-03
+48.52800E-03,+10.17826E-03,+193.25377E-03
+48.61200E-03,+10.06746E-03,+197.27387E-03
+48.69600E-03,+10.15976E-03,+201.59146E-03
+48.78000E-03,+10.14786E-03,+209.33417E-03
+48.86400E-03,+10.27176E-03,+217.37437E-03
+48.94800E-03,+10.25263E-03,+221.39447E-03
+49.03200E-03,+10.38907E-03,+226.04173E-03
+49.11600E-03,+10.30280E-03,+231.59142E-03
+49.20000E-03,+10.29026E-03,+240.57441E-03
+49.28400E-03,+10.31498E-03,+241.81060E-03
+49.36800E-03,+10.35803E-03,+249.53517E-03
+49.45200E-03,+10.54340E-03,+254.78737E-03
+49.53600E-03,+10.46939E-03,+257.57537E-03
+49.62000E-03,+10.52507E-03,+265.61558E-03
+49.70400E-03,+10.48813E-03,+267.15920E-03
+49.78800E-03,+10.55602E-03,+269.63568E-03
+49.87200E-03,+10.46337E-03,+273.65578E-03
+49.95600E-03,+10.46947E-03,+275.82072E-03
+50.04000E-03,+10.63028E-03,+277.67588E-03
+50.12400E-03,+10.49416E-03,+278.29310E-03
+50.20800E-03,+10.55614E-03,+281.69598E-03
+50.29200E-03,+10.56848E-03,+281.69598E-03
+50.37600E-03,+10.62416E-03,+285.71608E-03
+50.46000E-03,+10.67984E-03,+284.17420E-03
+50.54400E-03,+10.49431E-03,+284.47404E-03
+50.62800E-03,+10.63016E-03,+285.71608E-03
+50.71200E-03,+10.65488E-03,+285.71608E-03
+50.79600E-03,+10.56813E-03,+285.71608E-03
+50.88000E-03,+10.63662E-03,+282.01336E-03
+50.96400E-03,+10.58663E-03,+281.69598E-03
+51.04800E-03,+10.59297E-03,+279.54098E-03
+51.13200E-03,+10.71068E-03,+273.65578E-03
+51.21600E-03,+10.63028E-03,+273.65578E-03
+51.30000E-03,+10.51301E-03,+269.63568E-03
+51.38400E-03,+10.61147E-03,+272.71533E-03
+51.46800E-03,+10.63028E-03,+265.61558E-03
+51.55200E-03,+10.54987E-03,+265.61558E-03
+51.63600E-03,+10.51955E-03,+257.57537E-03
+51.72000E-03,+10.55051E-03,+253.55527E-03
+51.80400E-03,+10.76667E-03,+249.53517E-03
+51.88800E-03,+10.63028E-03,+245.51507E-03
+51.97200E-03,+10.69759E-03,+238.12952E-03
+52.05600E-03,+10.64845E-03,+237.47487E-03
+52.14000E-03,+10.62488E-03,+235.59983E-03
+52.22400E-03,+10.54987E-03,+229.43467E-03
+52.30800E-03,+10.63028E-03,+221.39447E-03
+52.39200E-03,+10.71068E-03,+215.18779E-03
+52.47600E-03,+10.56888E-03,+213.35427E-03
+52.56000E-03,+10.78536E-03,+205.31407E-03
+52.64400E-03,+10.63028E-03,+201.29397E-03
+52.72800E-03,+10.65551E-03,+193.25377E-03
+52.81200E-03,+10.71068E-03,+189.23367E-03
+52.89600E-03,+10.68647E-03,+182.40392E-03
+52.98000E-03,+10.72814E-03,+178.74682E-03
+53.06400E-03,+10.69719E-03,+173.82780E-03
+53.14800E-03,+10.72866E-03,+173.15326E-03
+53.23200E-03,+10.70568E-03,+165.11306E-03
+53.31600E-03,+10.77810E-03,+165.11306E-03
+53.40000E-03,+10.77933E-03,+161.09296E-03
+53.48400E-03,+10.59380E-03,+153.05276E-03
+53.56800E-03,+10.77187E-03,+153.05276E-03
+53.65200E-03,+10.71068E-03,+153.05276E-03
+53.73600E-03,+10.66052E-03,+145.01256E-03
+53.82000E-03,+10.79108E-03,+142.26433E-03
+53.90400E-03,+10.79108E-03,+140.99246E-03
+53.98800E-03,+10.76707E-03,+136.97236E-03
+54.07200E-03,+10.66194E-03,+131.36886E-03
+54.15600E-03,+10.94494E-03,+132.60505E-03
+54.24000E-03,+10.79108E-03,+128.04318E-03
+54.32400E-03,+10.83358E-03,+124.91206E-03
+54.40800E-03,+10.83196E-03,+124.91206E-03
+54.49200E-03,+10.77953E-03,+120.89196E-03
+54.57600E-03,+10.87934E-03,+119.07832E-03
+54.66000E-03,+10.74949E-03,+116.87186E-03
+54.74400E-03,+10.78576E-03,+116.87186E-03
+54.82800E-03,+10.80080E-03,+114.35386E-03
+54.91200E-03,+10.73631E-03,+112.85176E-03
+54.99600E-03,+10.94732E-03,+112.85176E-03
+55.08000E-03,+10.73449E-03,+114.04232E-03
+55.16400E-03,+10.80628E-03,+112.85176E-03
+55.24800E-03,+10.85720E-03,+116.87186E-03
+55.33200E-03,+10.79108E-03,+116.87186E-03
+55.41600E-03,+10.79108E-03,+116.87186E-03
+55.50000E-03,+10.80445E-03,+117.54055E-03
+55.58400E-03,+10.79108E-03,+120.32446E-03
+55.66800E-03,+10.87148E-03,+122.69565E-03
+55.75200E-03,+10.73028E-03,+124.91206E-03
+55.83600E-03,+10.86636E-03,+124.91206E-03
+55.92000E-03,+10.84164E-03,+126.40422E-03
+56.00400E-03,+10.92315E-03,+128.93216E-03
+56.08800E-03,+10.71179E-03,+132.95226E-03
+56.17200E-03,+10.87148E-03,+135.79174E-03
+56.25600E-03,+10.80735E-03,+135.36907E-03
+56.34000E-03,+10.92986E-03,+140.99246E-03
+56.42400E-03,+10.93450E-03,+140.99246E-03
+56.50800E-03,+10.83319E-03,+147.11784E-03
+56.59200E-03,+10.79108E-03,+153.05276E-03
+56.67600E-03,+10.80223E-03,+157.07286E-03
+56.76000E-03,+10.95188E-03,+161.09296E-03
+56.84400E-03,+10.89129E-03,+165.11306E-03
+56.92800E-03,+10.87640E-03,+165.35909E-03
+57.01200E-03,+10.89260E-03,+169.13316E-03
+57.09600E-03,+10.81941E-03,+181.19347E-03
+57.18000E-03,+10.95188E-03,+185.21357E-03
+57.26400E-03,+10.95188E-03,+192.08309E-03
+57.34800E-03,+10.93549E-03,+197.27387E-03
+57.43200E-03,+11.00212E-03,+201.67101E-03
+57.51600E-03,+10.91752E-03,+209.33417E-03
+57.60000E-03,+10.87489E-03,+215.27903E-03
+57.68400E-03,+10.96566E-03,+221.39447E-03
+57.76800E-03,+10.87148E-03,+225.41457E-03
+57.85200E-03,+10.86243E-03,+229.43467E-03
+57.93600E-03,+10.89188E-03,+240.49486E-03
+58.02000E-03,+10.79108E-03,+241.49497E-03
+58.10400E-03,+10.87148E-03,+246.98734E-03
+58.18800E-03,+10.95359E-03,+253.55527E-03
+58.27200E-03,+10.95038E-03,+257.57537E-03
+58.35600E-03,+10.87148E-03,+261.59547E-03
+58.44000E-03,+10.82354E-03,+269.63568E-03
+58.52400E-03,+10.95188E-03,+269.63568E-03
+58.60800E-03,+11.01530E-03,+277.67588E-03
+58.69200E-03,+10.91319E-03,+277.52519E-03
+58.77600E-03,+11.04626E-03,+281.69598E-03
+58.86000E-03,+11.15008E-03,+282.23365E-03
+58.94400E-03,+10.91641E-03,+287.96232E-03
+59.02800E-03,+10.91188E-03,+289.73618E-03
+59.11200E-03,+11.03229E-03,+289.73618E-03
+59.19600E-03,+10.97379E-03,+292.29395E-03
+59.28000E-03,+10.81751E-03,+291.05776E-03
+59.36400E-03,+10.87319E-03,+293.75628E-03
+59.44800E-03,+10.81410E-03,+293.75628E-03
+59.53200E-03,+10.84133E-03,+293.75628E-03
+59.61600E-03,+11.03229E-03,+293.75628E-03
+59.70000E-03,+10.90505E-03,+293.75628E-03
+59.78400E-03,+11.03229E-03,+289.73618E-03
+59.86800E-03,+10.98022E-03,+289.73618E-03
+59.95200E-03,+10.81219E-03,+282.22370E-03
+60.03600E-03,+10.92645E-03,+281.69598E-03
+60.12000E-03,+11.01189E-03,+278.69587E-03
+60.20400E-03,+10.80405E-03,+277.45968E-03
+60.28800E-03,+11.00998E-03,+273.65578E-03
+60.37200E-03,+11.00566E-03,+262.92701E-03
+60.45600E-03,+11.03229E-03,+265.52023E-03
+60.54000E-03,+10.92907E-03,+257.57537E-03
+60.62400E-03,+10.99943E-03,+253.55527E-03
+60.70800E-03,+11.02415E-03,+249.12830E-03
+60.79200E-03,+11.09610E-03,+245.51507E-03
+60.87600E-03,+10.99319E-03,+241.49497E-03
+60.96000E-03,+11.06102E-03,+233.45477E-03
+61.04400E-03,+11.11269E-03,+228.91689E-03
+61.12800E-03,+11.12293E-03,+223.66060E-03
+61.21200E-03,+10.97248E-03,+220.36453E-03
+61.29600E-03,+10.95601E-03,+213.35427E-03
+61.38000E-03,+11.06114E-03,+206.75651E-03
+61.46400E-03,+10.92506E-03,+202.63544E-03
+61.54800E-03,+11.03229E-03,+197.27387E-03
+61.63200E-03,+11.02222E-03,+193.25377E-03
+61.71600E-03,+11.01800E-03,+189.23367E-03
+61.80000E-03,+10.95188E-03,+185.21357E-03
+61.88400E-03,+11.03229E-03,+173.97263E-03
+61.96800E-03,+10.91077E-03,+171.09770E-03
+62.05200E-03,+11.03229E-03,+165.11306E-03
+62.13600E-03,+10.95188E-03,+161.09296E-03
+62.22000E-03,+11.00805E-03,+161.09296E-03
+62.30400E-03,+10.99348E-03,+157.07286E-03
+62.38800E-03,+11.11269E-03,+149.03266E-03
+62.47200E-03,+10.95188E-03,+145.01256E-03
+62.55600E-03,+11.00594E-03,+143.66114E-03
+62.64000E-03,+11.02768E-03,+136.97236E-03
+62.72400E-03,+11.00987E-03,+135.85140E-03
+62.80800E-03,+11.03229E-03,+126.57501E-03
+62.89200E-03,+11.02375E-03,+124.91206E-03
+62.97600E-03,+10.93570E-03,+124.91206E-03
+63.06000E-03,+10.95046E-03,+122.93757E-03
+63.14400E-03,+10.88625E-03,+117.61015E-03
+63.22800E-03,+10.95188E-03,+120.89196E-03
+63.31200E-03,+10.95188E-03,+118.60594E-03
+63.39600E-03,+11.05328E-03,+117.92169E-03
+63.48000E-03,+11.02856E-03,+116.87186E-03
+63.56400E-03,+10.87148E-03,+119.46941E-03
+63.64800E-03,+10.97783E-03,+118.23322E-03
+63.73200E-03,+10.94938E-03,+116.87186E-03
+63.81600E-03,+10.89370E-03,+117.98287E-03
+63.90000E-03,+11.06574E-03,+120.89196E-03
+63.98400E-03,+10.87148E-03,+120.89196E-03
+64.06800E-03,+10.93589E-03,+121.69144E-03
+64.15200E-03,+10.95393E-03,+126.89649E-03
+64.23600E-03,+10.92195E-03,+128.18392E-03
+64.32000E-03,+10.87148E-03,+132.95226E-03
+64.40400E-03,+10.95188E-03,+132.95226E-03
+64.48800E-03,+10.87148E-03,+134.01203E-03
+64.57200E-03,+10.79108E-03,+137.14878E-03
+64.65600E-03,+10.84758E-03,+145.01256E-03
+64.74000E-03,+10.82038E-03,+145.01256E-03
+64.82400E-03,+10.78838E-03,+149.16778E-03
+64.90800E-03,+10.69634E-03,+157.07286E-03
+64.99200E-03,+10.67702E-03,+161.09296E-03
+65.07600E-03,+10.63921E-03,+169.13316E-03
+65.16000E-03,+10.71068E-03,+169.13316E-03
+65.24400E-03,+10.75119E-03,+173.15326E-03
+65.32800E-03,+10.54987E-03,+181.19347E-03
+65.41200E-03,+10.53075E-03,+189.23367E-03
+65.49600E-03,+10.42335E-03,+193.25377E-03
+65.58000E-03,+10.50709E-03,+197.27387E-03
+65.66400E-03,+10.23493E-03,+201.29397E-03
+65.74800E-03,+10.33296E-03,+210.73683E-03
+65.83200E-03,+10.22827E-03,+213.35427E-03
+65.91600E-03,+10.06746E-03,+217.37437E-03
+66.00000E-03,+10.12604E-03,+225.41457E-03
+66.08400E-03,+9.98706E-03,+227.10735E-03
+66.16800E-03,+9.75499E-03,+233.45477E-03
+66.25200E-03,+9.74585E-03,+237.47487E-03
+66.33600E-03,+9.54473E-03,+243.49929E-03
+66.42000E-03,+9.48570E-03,+246.28320E-03
+66.50400E-03,+9.27280E-03,+250.00323E-03
+66.58800E-03,+9.27567E-03,+257.57537E-03
+66.67200E-03,+9.14582E-03,+254.63493E-03
+66.75600E-03,+8.94496E-03,+261.59547E-03
+66.84000E-03,+8.88613E-03,+265.61558E-03
+66.92400E-03,+8.70063E-03,+271.02687E-03
+67.00800E-03,+8.62023E-03,+273.65578E-03
+67.09200E-03,+8.53982E-03,+277.67588E-03
+67.17600E-03,+8.48118E-03,+279.99325E-03
+67.26000E-03,+8.38835E-03,+281.69598E-03
+67.34400E-03,+8.08820E-03,+285.71608E-03
+67.42800E-03,+8.13781E-03,+287.72192E-03
+67.51200E-03,+7.94589E-03,+292.97821E-03
+67.59600E-03,+7.91493E-03,+293.75628E-03
+67.68000E-03,+7.57500E-03,+297.77638E-03
+67.76400E-03,+7.59679E-03,+297.77638E-03
+67.84800E-03,+7.49460E-03,+297.77638E-03
+67.93200E-03,+7.41420E-03,+301.79648E-03
+68.01600E-03,+7.17666E-03,+303.19762E-03
+68.10000E-03,+7.08929E-03,+305.81658E-03
+68.18400E-03,+6.96934E-03,+305.81658E-03
+68.26800E-03,+6.69058E-03,+303.50915E-03
+68.35200E-03,+6.67152E-03,+301.79648E-03
+68.43600E-03,+6.59498E-03,+301.79648E-03
+68.52000E-03,+6.56969E-03,+303.82068E-03
+68.60400E-03,+6.33745E-03,+301.79648E-03
+68.68800E-03,+6.12776E-03,+301.79648E-03
+68.77200E-03,+6.16145E-03,+301.79648E-03
+68.85600E-03,+5.98895E-03,+300.69693E-03
+68.94000E-03,+6.03916E-03,+297.77638E-03
+69.02400E-03,+5.91205E-03,+295.12911E-03
+69.10800E-03,+5.75398E-03,+293.75628E-03
+69.19200E-03,+5.72226E-03,+289.73618E-03
+69.27600E-03,+5.64535E-03,+289.73618E-03
+69.36000E-03,+5.59940E-03,+285.71608E-03
+69.44400E-03,+5.55522E-03,+281.69598E-03
+69.52800E-03,+5.43414E-03,+278.42564E-03
+69.61200E-03,+5.56302E-03,+277.67588E-03
+69.69600E-03,+5.27526E-03,+270.43363E-03
+69.78000E-03,+5.33251E-03,+265.17735E-03
+69.86400E-03,+5.35723E-03,+259.24979E-03
+69.94800E-03,+5.34593E-03,+257.57537E-03
+70.03200E-03,+5.40415E-03,+249.53517E-03
+70.11600E-03,+5.37826E-03,+245.51507E-03
+70.20000E-03,+5.42771E-03,+240.07395E-03
+70.28400E-03,+5.40045E-03,+233.45477E-03
+70.36800E-03,+5.34477E-03,+229.43467E-03
+70.45200E-03,+5.53030E-03,+223.68201E-03
+70.53600E-03,+5.47462E-03,+216.87800E-03
+70.62000E-03,+5.46975E-03,+205.31407E-03
+70.70400E-03,+5.52407E-03,+201.29397E-03
+70.78800E-03,+5.54879E-03,+193.25377E-03
+70.87200E-03,+5.49311E-03,+189.23367E-03
+70.95600E-03,+5.79233E-03,+182.85794E-03
+71.04000E-03,+5.78377E-03,+178.29280E-03
+71.12400E-03,+5.80849E-03,+173.15326E-03
+71.20800E-03,+5.80693E-03,+169.13316E-03
+71.29200E-03,+5.94380E-03,+165.11306E-03
+71.37600E-03,+5.89045E-03,+160.89818E-03
+71.46000E-03,+6.06819E-03,+156.03145E-03
+71.54400E-03,+6.20817E-03,+149.03266E-03
+71.62800E-03,+6.36897E-03,+145.01256E-03
+71.71200E-03,+6.52977E-03,+140.99246E-03
+71.79600E-03,+6.56910E-03,+136.97236E-03
+71.88000E-03,+6.61018E-03,+136.97236E-03
+71.96400E-03,+6.77098E-03,+132.95226E-03
+72.04800E-03,+6.69058E-03,+132.95226E-03
+72.13200E-03,+6.98960E-03,+128.93216E-03
+72.21600E-03,+7.09259E-03,+124.91206E-03
+72.30000E-03,+7.25339E-03,+124.91206E-03
+72.38400E-03,+7.47183E-03,+123.47115E-03
+72.46800E-03,+7.49460E-03,+120.89196E-03
+72.55200E-03,+7.73580E-03,+117.90332E-03
+72.63600E-03,+7.86156E-03,+120.89196E-03
+72.72000E-03,+7.96669E-03,+120.89196E-03
+72.80400E-03,+8.18942E-03,+121.61189E-03
+72.88800E-03,+8.29862E-03,+120.89196E-03
+72.97200E-03,+8.52327E-03,+124.91206E-03
+73.05600E-03,+8.54799E-03,+128.93216E-03
+73.14000E-03,+8.71890E-03,+131.30767E-03
+73.22400E-03,+8.82660E-03,+136.97236E-03
+73.30800E-03,+8.86337E-03,+136.97236E-03
+73.39200E-03,+9.02224E-03,+140.99246E-03
+73.47600E-03,+9.29246E-03,+146.46342E-03
+73.56000E-03,+9.41566E-03,+149.03266E-03
+73.64400E-03,+9.50465E-03,+154.07428E-03
+73.72800E-03,+9.62030E-03,+159.33057E-03
+73.81200E-03,+9.66545E-03,+164.58686E-03
+73.89600E-03,+9.76005E-03,+169.13316E-03
+73.98000E-03,+9.86518E-03,+175.09944E-03
+74.06400E-03,+9.98706E-03,+176.33563E-03
+74.14800E-03,+10.05949E-03,+181.19347E-03
+74.23200E-03,+10.13285E-03,+184.46275E-03
+74.31600E-03,+10.29713E-03,+189.23367E-03
+74.40000E-03,+10.15308E-03,+197.18695E-03
+74.48400E-03,+10.41553E-03,+201.29397E-03
+74.56800E-03,+10.46947E-03,+206.77487E-03
+74.65200E-03,+10.47846E-03,+213.12966E-03
+74.73600E-03,+10.59034E-03,+217.37437E-03
+74.82000E-03,+10.70117E-03,+219.62214E-03
+74.90400E-03,+10.57132E-03,+228.89853E-03
+74.98800E-03,+10.76308E-03,+232.75473E-03
+75.07200E-03,+10.71068E-03,+235.39100E-03
+75.15600E-03,+10.75717E-03,+241.49497E-03
+75.24000E-03,+10.78331E-03,+241.88348E-03
+75.32400E-03,+10.75859E-03,+249.53517E-03
+75.40800E-03,+10.81426E-03,+253.55527E-03
+75.49200E-03,+10.79416E-03,+257.57537E-03
+75.57600E-03,+10.79108E-03,+261.59547E-03
+75.66000E-03,+10.79108E-03,+265.61558E-03
+75.74400E-03,+10.87617E-03,+269.87023E-03
+75.82800E-03,+10.79108E-03,+277.67588E-03
+75.91200E-03,+10.87148E-03,+279.91370E-03
+75.99600E-03,+10.73252E-03,+282.24207E-03
+76.08000E-03,+10.92428E-03,+286.40618E-03
+76.16400E-03,+10.74920E-03,+293.75628E-03
+76.24800E-03,+10.79108E-03,+296.91876E-03
+76.33200E-03,+10.85634E-03,+301.41791E-03
+76.41600E-03,+10.72649E-03,+301.79648E-03
+76.50000E-03,+10.67704E-03,+305.81658E-03
+76.58400E-03,+10.55256E-03,+305.81658E-03
+76.66800E-03,+10.71289E-03,+309.83668E-03
+76.75200E-03,+10.65145E-03,+309.83668E-03
+76.83600E-03,+10.54498E-03,+313.85678E-03
+76.92000E-03,+10.48931E-03,+313.85678E-03
+77.00400E-03,+10.47819E-03,+313.85678E-03
+77.08800E-03,+10.33091E-03,+314.41281E-03
+77.17200E-03,+10.37547E-03,+317.87688E-03
+77.25600E-03,+10.30867E-03,+315.96054E-03
+77.34000E-03,+10.27397E-03,+314.72435E-03
+77.42400E-03,+10.15524E-03,+314.22540E-03
+77.50800E-03,+10.19617E-03,+315.46159E-03
+77.59200E-03,+10.12428E-03,+313.85678E-03
+77.67600E-03,+9.90780E-03,+317.81979E-03
+77.76000E-03,+9.88079E-03,+311.12996E-03
+77.84400E-03,+9.93647E-03,+309.83668E-03
+77.92800E-03,+9.84152E-03,+309.58224E-03
+78.01200E-03,+9.74585E-03,+305.81658E-03
+78.09600E-03,+9.73754E-03,+301.79648E-03
+78.18000E-03,+9.80362E-03,+297.77638E-03
+78.26400E-03,+9.70564E-03,+293.75628E-03
+78.34800E-03,+9.42425E-03,+287.62248E-03
+78.43200E-03,+9.34384E-03,+281.69598E-03
+78.51600E-03,+9.42425E-03,+277.67588E-03
+78.60000E-03,+9.45614E-03,+277.67588E-03
+78.68400E-03,+9.26344E-03,+265.61558E-03
+78.76800E-03,+9.10641E-03,+257.62252E-03
+78.85200E-03,+9.18304E-03,+252.27194E-03
+78.93600E-03,+9.08226E-03,+251.03575E-03
+79.02000E-03,+9.10793E-03,+241.75936E-03
+79.10400E-03,+9.06377E-03,+236.50307E-03
+79.18800E-03,+8.97808E-03,+229.43467E-03
+79.27200E-03,+8.84991E-03,+221.39447E-03
+79.35600E-03,+8.78103E-03,+217.37437E-03
+79.44000E-03,+8.85689E-03,+209.33417E-03
+79.52400E-03,+8.82593E-03,+205.31407E-03
+79.60800E-03,+8.78103E-03,+197.27387E-03
+79.69200E-03,+8.74933E-03,+189.23367E-03
+79.77600E-03,+8.66819E-03,+182.39245E-03
+79.86000E-03,+8.77880E-03,+177.13616E-03
+79.94400E-03,+8.78103E-03,+173.15326E-03
+80.02800E-03,+8.64021E-03,+169.13316E-03
+80.11200E-03,+8.77006E-03,+160.81863E-03
+80.19600E-03,+8.62023E-03,+153.05276E-03
+80.28000E-03,+8.61271E-03,+149.03266E-03
+80.36400E-03,+8.68891E-03,+145.01256E-03
+80.44800E-03,+8.76802E-03,+137.62268E-03
+80.53200E-03,+8.65302E-03,+136.97236E-03
+80.61600E-03,+8.80759E-03,+136.97236E-03
+80.70000E-03,+8.70063E-03,+129.27095E-03
+80.78400E-03,+8.78103E-03,+128.93216E-03
+80.86800E-03,+8.75685E-03,+128.93216E-03
+80.95200E-03,+8.78158E-03,+124.91206E-03
+81.03600E-03,+8.80630E-03,+122.15541E-03
+81.12000E-03,+8.93101E-03,+123.39159E-03
+81.20400E-03,+9.02224E-03,+124.62778E-03
+81.28800E-03,+8.98416E-03,+120.89196E-03
+81.37200E-03,+8.82479E-03,+124.91206E-03
+81.45600E-03,+9.02224E-03,+121.48777E-03
+81.54000E-03,+8.89986E-03,+124.91206E-03
+81.62400E-03,+8.97937E-03,+124.91206E-03
+81.70800E-03,+9.16489E-03,+124.91206E-03
+81.79200E-03,+9.17646E-03,+128.93216E-03
+81.87600E-03,+9.11614E-03,+128.93216E-03
+81.96000E-03,+9.28782E-03,+131.73338E-03
+82.04400E-03,+9.34350E-03,+132.95226E-03
+82.12800E-03,+9.28851E-03,+132.95226E-03
+82.21200E-03,+9.37445E-03,+138.50277E-03
+82.29600E-03,+9.40071E-03,+140.99246E-03
+82.38000E-03,+9.62777E-03,+145.01256E-03
+82.46400E-03,+9.62189E-03,+145.01256E-03
+82.54800E-03,+9.65334E-03,+149.03266E-03
+82.63200E-03,+9.80104E-03,+157.07286E-03
+82.71600E-03,+9.78319E-03,+157.07286E-03
+82.80000E-03,+9.72751E-03,+161.09296E-03
+82.88400E-03,+9.82626E-03,+161.41187E-03
+82.96800E-03,+9.83916E-03,+173.15326E-03
+83.05200E-03,+10.01164E-03,+177.17336E-03
+83.13600E-03,+10.06761E-03,+185.21357E-03
+83.22000E-03,+10.14786E-03,+189.23367E-03
+83.30400E-03,+10.29665E-03,+191.71341E-03
+83.38800E-03,+10.14786E-03,+200.98980E-03
+83.47200E-03,+10.06746E-03,+205.31407E-03
+83.55600E-03,+10.30867E-03,+209.33417E-03
+83.64000E-03,+10.16018E-03,+217.37437E-03
+83.72400E-03,+10.45706E-03,+225.41457E-03
+83.80800E-03,+10.42620E-03,+231.59809E-03
+83.89200E-03,+10.48802E-03,+234.38200E-03
+83.97600E-03,+10.46329E-03,+245.51507E-03
+84.06000E-03,+10.59937E-03,+245.51507E-03
+84.14400E-03,+10.60550E-03,+257.57537E-03
+84.22800E-03,+10.79098E-03,+261.59547E-03
+84.31200E-03,+10.70429E-03,+269.63568E-03
+84.39600E-03,+10.76007E-03,+277.67588E-03
+84.48000E-03,+10.89033E-03,+281.69598E-03
+84.56400E-03,+10.87148E-03,+288.81410E-03
+84.64800E-03,+10.90872E-03,+291.89445E-03
+84.73200E-03,+10.96440E-03,+297.15074E-03
+84.81600E-03,+11.03229E-03,+301.79648E-03
+84.90000E-03,+11.14962E-03,+305.81658E-03
+84.98400E-03,+11.13143E-03,+309.83668E-03
+85.06800E-03,+11.11269E-03,+310.13570E-03
+85.15200E-03,+11.06299E-03,+313.85678E-03
+85.23600E-03,+11.22354E-03,+316.62817E-03
+85.32000E-03,+11.19309E-03,+317.88940E-03
+85.40400E-03,+11.30495E-03,+320.67331E-03
+85.48800E-03,+11.24229E-03,+321.89698E-03
+85.57200E-03,+11.43430E-03,+322.22103E-03
+85.65600E-03,+11.35389E-03,+322.80912E-03
+85.74000E-03,+11.43983E-03,+325.91708E-03
+85.82400E-03,+11.43430E-03,+326.55267E-03
+85.90800E-03,+11.63947E-03,+325.91708E-03
+85.99200E-03,+11.34696E-03,+325.91708E-03
+86.07600E-03,+11.49576E-03,+324.96996E-03
+86.16000E-03,+11.44586E-03,+318.16595E-03
+86.24400E-03,+11.54520E-03,+319.40214E-03
+86.32800E-03,+11.53987E-03,+317.87688E-03
+86.41200E-03,+11.51560E-03,+309.83668E-03
+86.49600E-03,+11.57083E-03,+309.83668E-03
+86.58000E-03,+11.52851E-03,+308.26650E-03
+86.66400E-03,+11.67550E-03,+301.79648E-03
+86.74800E-03,+11.53274E-03,+301.79648E-03
+86.83200E-03,+11.63787E-03,+293.75628E-03
+86.91600E-03,+11.66259E-03,+289.73618E-03
+87.00000E-03,+11.66369E-03,+281.69598E-03
+87.08400E-03,+11.75590E-03,+283.88923E-03
+87.16800E-03,+11.61424E-03,+273.65578E-03
+87.25200E-03,+11.75032E-03,+269.63568E-03
+87.33600E-03,+11.65571E-03,+261.59547E-03
+87.42000E-03,+11.65013E-03,+261.59547E-03
+87.50400E-03,+11.83566E-03,+249.56758E-03
+87.58800E-03,+11.75590E-03,+249.53517E-03
+87.67200E-03,+11.67550E-03,+242.35482E-03
+87.75600E-03,+11.76278E-03,+237.81881E-03
+87.84000E-03,+11.86317E-03,+229.43467E-03
+87.92400E-03,+11.83157E-03,+227.30623E-03
+88.00800E-03,+11.83631E-03,+225.41457E-03
+88.09200E-03,+11.71035E-03,+217.37437E-03
+88.17600E-03,+11.78452E-03,+211.53736E-03
+88.26000E-03,+11.91671E-03,+205.31407E-03
+88.34400E-03,+11.83092E-03,+197.27387E-03
+88.42800E-03,+11.77609E-03,+197.27387E-03
+88.51200E-03,+11.89114E-03,+191.97523E-03
+88.59600E-03,+11.99626E-03,+181.23581E-03
+88.68000E-03,+11.86018E-03,+181.19347E-03
+88.76400E-03,+11.80451E-03,+174.74334E-03
+88.84800E-03,+11.83631E-03,+169.13316E-03
+88.93200E-03,+11.85395E-03,+161.97527E-03
+89.01600E-03,+11.79394E-03,+157.07286E-03
+89.10000E-03,+11.83631E-03,+153.05276E-03
+89.18400E-03,+11.89388E-03,+153.05276E-03
+89.26800E-03,+11.87245E-03,+146.81952E-03
+89.35200E-03,+11.81677E-03,+141.96941E-03
+89.43600E-03,+11.92189E-03,+140.99246E-03
+89.52000E-03,+11.93729E-03,+132.95226E-03
+89.60400E-03,+11.91671E-03,+132.95226E-03
+89.68800E-03,+11.91671E-03,+132.95226E-03
+89.77200E-03,+11.89303E-03,+128.93216E-03
+89.85600E-03,+11.73950E-03,+128.93216E-03
+89.94000E-03,+11.90943E-03,+125.27589E-03
+90.02400E-03,+11.91671E-03,+124.91206E-03
+90.10800E-03,+11.92065E-03,+124.91206E-03
+90.19200E-03,+11.79643E-03,+124.91206E-03
+90.27600E-03,+11.90549E-03,+128.37133E-03
+90.36000E-03,+11.80037E-03,+127.13514E-03
+90.44400E-03,+11.93790E-03,+128.93216E-03
+90.52800E-03,+11.92169E-03,+129.18146E-03
+90.61200E-03,+12.02682E-03,+130.41764E-03
+90.69600E-03,+11.94517E-03,+134.37551E-03
+90.78000E-03,+12.08000E-03,+136.97236E-03
+90.86400E-03,+11.91671E-03,+140.99246E-03
+90.94800E-03,+11.91671E-03,+142.60242E-03
+91.03200E-03,+11.98964E-03,+145.01256E-03
+91.11600E-03,+11.97986E-03,+148.17024E-03
+91.20000E-03,+11.95160E-03,+153.05276E-03
+91.28400E-03,+12.05010E-03,+157.75817E-03
+91.36800E-03,+11.93874E-03,+165.11306E-03
+91.45200E-03,+12.01501E-03,+166.90014E-03
+91.53600E-03,+12.03764E-03,+177.17336E-03
+91.62000E-03,+12.14834E-03,+173.39262E-03
+91.70400E-03,+11.96760E-03,+185.21357E-03
+91.78800E-03,+12.02328E-03,+190.54204E-03
+91.87200E-03,+11.91815E-03,+197.27387E-03
+91.95600E-03,+11.91671E-03,+204.15006E-03
+92.04000E-03,+11.99711E-03,+207.71427E-03
+92.12400E-03,+11.78660E-03,+213.35427E-03
+92.20800E-03,+12.08972E-03,+221.39447E-03
+92.29200E-03,+11.87808E-03,+233.45477E-03
+92.37600E-03,+11.98321E-03,+237.47487E-03
+92.46000E-03,+11.92753E-03,+244.97413E-03
+92.54400E-03,+12.04197E-03,+253.55527E-03
+92.62800E-03,+11.99711E-03,+257.57537E-03
+92.71200E-03,+11.91671E-03,+261.59547E-03
+92.79600E-03,+12.09929E-03,+265.61558E-03
+92.88000E-03,+12.07751E-03,+274.97409E-03
+92.96400E-03,+11.99711E-03,+281.69598E-03
+93.04800E-03,+12.08867E-03,+285.71608E-03
+93.13200E-03,+12.07751E-03,+293.75628E-03
+93.21600E-03,+11.92458E-03,+297.77638E-03
+93.30000E-03,+12.17091E-03,+302.63901E-03
+93.38400E-03,+11.95828E-03,+301.79648E-03
+93.46800E-03,+12.06341E-03,+309.13149E-03
+93.55200E-03,+12.21708E-03,+309.83668E-03
+93.63600E-03,+12.03245E-03,+317.87688E-03
+93.72000E-03,+12.03778E-03,+320.88026E-03
+93.80400E-03,+12.07751E-03,+321.89698E-03
+93.88800E-03,+11.97493E-03,+325.91708E-03
+93.97200E-03,+11.99711E-03,+325.91708E-03
+94.05600E-03,+12.07935E-03,+329.93718E-03
+94.14000E-03,+12.05463E-03,+333.95728E-03
+94.22400E-03,+12.12512E-03,+333.95728E-03
+94.30800E-03,+12.06944E-03,+333.95728E-03
+94.39200E-03,+12.14126E-03,+333.95728E-03
+94.47600E-03,+11.95339E-03,+336.02606E-03
+94.56000E-03,+12.12931E-03,+333.95728E-03
+94.64400E-03,+12.21747E-03,+333.95728E-03
+94.72800E-03,+11.94174E-03,+333.95728E-03
+94.81200E-03,+12.11685E-03,+333.95728E-03
+94.89600E-03,+12.14953E-03,+330.14670E-03
+94.98000E-03,+12.10643E-03,+331.38289E-03
+95.06400E-03,+12.10428E-03,+329.93718E-03
+95.14800E-03,+11.99711E-03,+325.91708E-03
+95.23200E-03,+12.01979E-03,+325.91708E-03
+95.31600E-03,+12.03011E-03,+324.26735E-03
+95.40000E-03,+12.07751E-03,+321.89698E-03
+95.48400E-03,+12.07751E-03,+321.07434E-03
+95.56800E-03,+12.11869E-03,+317.87688E-03
+95.65200E-03,+12.17242E-03,+314.58186E-03
+95.73600E-03,+12.08773E-03,+313.85678E-03
+95.82000E-03,+12.14740E-03,+309.83668E-03
+95.90400E-03,+12.03605E-03,+306.85319E-03
+95.98800E-03,+12.15791E-03,+301.79648E-03
+96.07200E-03,+12.15791E-03,+296.34061E-03
+96.15600E-03,+12.07751E-03,+293.75628E-03
+96.24000E-03,+11.92343E-03,+289.73618E-03
+96.32400E-03,+12.15791E-03,+285.71608E-03
+96.40800E-03,+12.15791E-03,+279.33556E-03
+96.49200E-03,+12.16638E-03,+277.67588E-03
+96.57600E-03,+12.12541E-03,+273.65578E-03
+96.66000E-03,+12.07907E-03,+267.66446E-03
+96.74400E-03,+12.09221E-03,+257.57537E-03
+96.82800E-03,+12.22829E-03,+249.53517E-03
+96.91200E-03,+12.07751E-03,+245.51507E-03
+96.99600E-03,+12.09844E-03,+238.52143E-03
+97.08000E-03,+12.16171E-03,+237.47487E-03
+97.16400E-03,+12.18643E-03,+229.43467E-03
+97.24800E-03,+12.13075E-03,+221.39447E-03
+97.33200E-03,+12.00199E-03,+217.49627E-03
+97.41600E-03,+12.15791E-03,+210.44846E-03
+97.50000E-03,+12.19131E-03,+209.33417E-03
+97.58400E-03,+12.16658E-03,+197.70730E-03
+97.66800E-03,+12.09357E-03,+193.25377E-03
+97.75200E-03,+12.11714E-03,+191.21482E-03
+97.83600E-03,+12.14302E-03,+177.91833E-03
+97.92000E-03,+12.00694E-03,+177.17336E-03
+98.00400E-03,+12.18116E-03,+170.86058E-03
+98.08800E-03,+12.11977E-03,+166.16956E-03
+98.17200E-03,+12.15073E-03,+161.09296E-03
+98.25600E-03,+12.13415E-03,+158.48874E-03
+98.34000E-03,+12.18528E-03,+153.05276E-03
+98.42400E-03,+12.07751E-03,+145.14441E-03
+98.50800E-03,+12.13583E-03,+142.09681E-03
+98.59200E-03,+12.23832E-03,+140.99246E-03
+98.67600E-03,+12.15791E-03,+140.54908E-03
+98.76000E-03,+12.17377E-03,+136.17955E-03
+98.84400E-03,+12.11809E-03,+132.95226E-03
+98.92800E-03,+12.14282E-03,+132.95226E-03
+99.01200E-03,+12.29947E-03,+132.95226E-03
+99.09600E-03,+12.13527E-03,+128.93216E-03
+99.18000E-03,+12.25965E-03,+129.99860E-03
+99.26400E-03,+12.08091E-03,+129.10190E-03
+99.34800E-03,+12.21020E-03,+130.33809E-03
+99.43200E-03,+12.23832E-03,+132.95226E-03
+99.51600E-03,+12.23832E-03,+133.09405E-03
+99.60000E-03,+12.27494E-03,+140.99246E-03
+99.68400E-03,+12.23832E-03,+142.68197E-03
+99.76800E-03,+12.24738E-03,+145.46588E-03
+99.85200E-03,+12.20700E-03,+149.03266E-03
+99.93600E-03,+12.19794E-03,+138.97340E-03
+100.02000E-03,+12.09281E-03,+152.28791E-03
+100.10400E-03,+11.99711E-03,+313.38545E-03
+100.18800E-03,+11.23934E-03,+311.54420E-03
+100.27200E-03,+10.52835E-03,+295.90905E-03
+100.35600E-03,+10.14467E-03,+200.97437E-03
+100.44000E-03,+10.33659E-03,+150.09291E-03
+100.52400E-03,+8.86431E-03,+175.92911E-03
+100.60800E-03,+8.53375E-03,+253.55527E-03
+100.69200E-03,+9.50465E-03,+161.41069E-03
+100.77600E-03,+9.45824E-03,+172.53207E-03
+100.86000E-03,+9.17378E-03,+143.62276E-03
+100.94400E-03,+7.97701E-03,+241.49497E-03
+101.02800E-03,+7.93683E-03,+130.94315E-03
+101.11200E-03,+8.53982E-03,+96.77136E-03
+101.19600E-03,+8.70986E-03,+169.59455E-03
+101.28000E-03,+8.98828E-03,+229.43467E-03
+101.36400E-03,+8.87665E-03,+237.47487E-03
+101.44800E-03,+8.94183E-03,+205.16421E-03
+101.53200E-03,+8.88639E-03,+162.47901E-03
+101.61600E-03,+8.83694E-03,+130.33002E-03
+101.70000E-03,+8.85820E-03,+108.66998E-03
+101.78400E-03,+8.80252E-03,+93.82577E-03
+101.86800E-03,+8.79306E-03,+88.73115E-03
+101.95200E-03,+8.87090E-03,+88.73115E-03
+102.03600E-03,+8.99172E-03,+92.75126E-03
+102.12000E-03,+8.90142E-03,+96.77136E-03
+102.20400E-03,+8.71632E-03,+100.79146E-03
+102.28800E-03,+8.93281E-03,+108.38021E-03
+102.37200E-03,+8.78103E-03,+112.85176E-03
+102.45600E-03,+8.81758E-03,+116.87186E-03
+102.54000E-03,+8.93904E-03,+120.89196E-03
+102.62400E-03,+8.86143E-03,+120.89196E-03
+102.70800E-03,+8.78510E-03,+127.52435E-03
+102.79200E-03,+8.85800E-03,+125.08368E-03
+102.87600E-03,+8.84490E-03,+128.93216E-03
+102.96000E-03,+8.86143E-03,+132.95226E-03
+103.04400E-03,+8.93217E-03,+129.41531E-03
+103.12800E-03,+8.89665E-03,+136.21932E-03
+103.21200E-03,+8.94267E-03,+134.94148E-03
+103.29600E-03,+8.79692E-03,+136.97236E-03
+103.38000E-03,+8.92417E-03,+136.97236E-03
+103.46400E-03,+8.89499E-03,+138.65005E-03
+103.54800E-03,+8.86143E-03,+136.97236E-03
+103.63200E-03,+8.86663E-03,+136.97236E-03
+103.71600E-03,+8.94027E-03,+135.60620E-03
+103.80000E-03,+8.88512E-03,+136.97236E-03
+103.88400E-03,+8.93820E-03,+133.13382E-03
+103.96800E-03,+8.88252E-03,+132.95226E-03
+104.05200E-03,+8.93060E-03,+134.68155E-03
+104.13600E-03,+8.86143E-03,+132.45916E-03
+104.22000E-03,+8.89116E-03,+132.95226E-03
+104.30400E-03,+8.90225E-03,+132.95226E-03
+104.38800E-03,+8.95793E-03,+128.93216E-03
+104.47200E-03,+8.87006E-03,+129.36372E-03
+104.55600E-03,+8.90848E-03,+126.57981E-03
+104.64000E-03,+8.88376E-03,+124.91206E-03
+104.72400E-03,+8.93943E-03,+125.03208E-03
+104.80800E-03,+8.80718E-03,+124.91206E-03
+104.89200E-03,+8.91328E-03,+120.89196E-03
+104.97600E-03,+8.94566E-03,+120.89196E-03
+105.06000E-03,+8.94183E-03,+119.84728E-03
+105.14400E-03,+8.90705E-03,+115.13263E-03
+105.22800E-03,+8.94183E-03,+116.36882E-03
+105.31200E-03,+9.02224E-03,+116.13871E-03
+105.39600E-03,+9.02386E-03,+112.85176E-03
+105.48000E-03,+8.95813E-03,+112.85176E-03
+105.56400E-03,+8.94183E-03,+109.25327E-03
+105.64800E-03,+8.92774E-03,+108.83166E-03
+105.73200E-03,+9.02224E-03,+108.83166E-03
+105.81600E-03,+8.94404E-03,+104.81156E-03
+105.90000E-03,+8.88836E-03,+104.81156E-03
+105.98400E-03,+8.99348E-03,+104.81156E-03
+106.06800E-03,+9.09458E-03,+100.99291E-03
+106.15200E-03,+8.98085E-03,+100.79146E-03
+106.23600E-03,+8.85100E-03,+100.79146E-03
+106.32000E-03,+9.16252E-03,+100.79146E-03
+106.40400E-03,+8.97076E-03,+100.06825E-03
+106.48800E-03,+9.06345E-03,+96.77136E-03
+106.57200E-03,+9.00575E-03,+95.94684E-03
+106.65600E-03,+9.00577E-03,+96.35968E-03
+106.74000E-03,+9.02224E-03,+94.39912E-03
+106.82400E-03,+9.07992E-03,+93.88731E-03
+106.90800E-03,+9.02023E-03,+92.75126E-03
+106.99200E-03,+9.04919E-03,+92.75126E-03
+107.07600E-03,+9.02224E-03,+91.30367E-03
+107.16000E-03,+8.94606E-03,+92.75126E-03
+107.24400E-03,+9.10264E-03,+92.75126E-03
+107.32800E-03,+8.97702E-03,+92.75126E-03
+107.41200E-03,+9.16212E-03,+92.75126E-03
+107.49600E-03,+9.03650E-03,+92.75126E-03
+107.58000E-03,+8.98325E-03,+94.82191E-03
+107.66400E-03,+8.94183E-03,+92.75126E-03
+107.74800E-03,+8.93380E-03,+96.77136E-03
+107.83200E-03,+8.97459E-03,+96.77136E-03
+107.91600E-03,+9.02224E-03,+96.77136E-03
+108.00000E-03,+9.02043E-03,+100.79146E-03
+108.08400E-03,+9.04876E-03,+102.11784E-03
+108.16800E-03,+9.02224E-03,+102.24898E-03
+108.25200E-03,+9.11149E-03,+104.81156E-03
+108.33600E-03,+9.04253E-03,+107.81681E-03
+108.42000E-03,+9.11228E-03,+108.83166E-03
+108.50400E-03,+9.24213E-03,+112.31888E-03
+108.58800E-03,+9.03630E-03,+113.55507E-03
+108.67200E-03,+9.02506E-03,+114.79126E-03
+108.75600E-03,+9.02224E-03,+120.04755E-03
+108.84000E-03,+9.17520E-03,+120.89196E-03
+108.92400E-03,+9.07008E-03,+124.91206E-03
+109.00800E-03,+9.02224E-03,+127.77622E-03
+109.09200E-03,+9.10103E-03,+128.93216E-03
+109.17600E-03,+9.07631E-03,+132.95226E-03
+109.26000E-03,+9.08094E-03,+135.50489E-03
+109.34400E-03,+9.02224E-03,+136.74108E-03
+109.42800E-03,+9.10264E-03,+140.99246E-03
+109.51200E-03,+9.14746E-03,+145.01256E-03
+109.59600E-03,+9.09178E-03,+149.03266E-03
+109.68000E-03,+9.15531E-03,+153.05276E-03
+109.76400E-03,+9.10586E-03,+159.00242E-03
+109.84800E-03,+9.03932E-03,+165.11306E-03
+109.93200E-03,+9.16777E-03,+169.51500E-03
+110.01600E-03,+9.05460E-03,+174.77129E-03
+110.10000E-03,+9.28676E-03,+181.19347E-03
+110.18400E-03,+9.26204E-03,+185.21357E-03
+110.26800E-03,+9.04837E-03,+195.96737E-03
+110.35200E-03,+9.15349E-03,+201.29397E-03
+110.43600E-03,+9.18786E-03,+205.31407E-03
+110.52000E-03,+9.16314E-03,+209.33417E-03
+110.60400E-03,+9.23651E-03,+217.37437E-03
+110.68800E-03,+9.16093E-03,+224.86181E-03
+110.77200E-03,+9.15570E-03,+229.43467E-03
+110.85600E-03,+9.18304E-03,+233.45477E-03
+110.94000E-03,+9.11992E-03,+230.29896E-03
+111.02400E-03,+9.11008E-03,+237.47487E-03
+111.10800E-03,+9.23128E-03,+239.88689E-03
+111.19200E-03,+9.10264E-03,+242.67080E-03
+111.27600E-03,+9.02465E-03,+249.47481E-03
+111.36000E-03,+9.20897E-03,+245.51507E-03
+111.44400E-03,+9.34384E-03,+245.51507E-03
+111.52800E-03,+9.26344E-03,+249.28400E-03
+111.61200E-03,+9.24374E-03,+245.51507E-03
+111.69600E-03,+9.30787E-03,+247.31397E-03
+111.78000E-03,+9.25219E-03,+248.97247E-03
+111.86400E-03,+9.16957E-03,+246.18856E-03
+111.94800E-03,+9.22525E-03,+243.60540E-03
+112.03200E-03,+9.20053E-03,+244.64084E-03
+112.11600E-03,+9.11712E-03,+241.49497E-03
+112.20000E-03,+9.26344E-03,+239.89683E-03
+112.28400E-03,+9.32938E-03,+237.47487E-03
+112.36800E-03,+9.26344E-03,+233.50519E-03
+112.45200E-03,+9.36958E-03,+233.45477E-03
+112.53600E-03,+9.39430E-03,+229.43467E-03
+112.62000E-03,+9.18826E-03,+229.43467E-03
+112.70400E-03,+9.20494E-03,+221.39447E-03
+112.78800E-03,+9.26344E-03,+221.39447E-03
+112.87200E-03,+9.26344E-03,+220.82182E-03
+112.95600E-03,+9.27671E-03,+217.37437E-03
+113.04000E-03,+9.38184E-03,+213.35427E-03
+113.12400E-03,+9.32616E-03,+206.19825E-03
+113.20800E-03,+9.32272E-03,+209.33417E-03
+113.29200E-03,+9.13440E-03,+203.72587E-03
+113.37600E-03,+9.18304E-03,+198.46958E-03
+113.46000E-03,+9.18223E-03,+197.27387E-03
+113.54400E-03,+9.23791E-03,+198.74064E-03
+113.62800E-03,+9.26344E-03,+197.27387E-03
+113.71200E-03,+9.11890E-03,+193.25377E-03
+113.79600E-03,+9.20234E-03,+193.25377E-03
+113.88000E-03,+9.21942E-03,+195.07255E-03
+113.96400E-03,+9.20634E-03,+189.81626E-03
+114.04800E-03,+9.12878E-03,+196.62027E-03
+114.13200E-03,+9.30605E-03,+193.25377E-03
+114.21600E-03,+9.26344E-03,+189.23367E-03
+114.30000E-03,+9.34384E-03,+193.25377E-03
+114.38400E-03,+9.16577E-03,+194.83202E-03
+114.46800E-03,+9.17498E-03,+197.27387E-03
+114.55200E-03,+9.10325E-03,+201.26344E-03
+114.63600E-03,+9.29318E-03,+197.27387E-03
+114.72000E-03,+9.26344E-03,+201.29397E-03
+114.80400E-03,+9.18304E-03,+197.27387E-03
+114.88800E-03,+9.12174E-03,+201.29397E-03
+114.97200E-03,+9.26344E-03,+193.25377E-03
+115.05600E-03,+9.26344E-03,+196.68133E-03
+115.14000E-03,+9.18304E-03,+196.63021E-03
+115.22400E-03,+9.26865E-03,+191.37392E-03
+115.30800E-03,+9.20920E-03,+193.25377E-03
+115.39200E-03,+9.17640E-03,+193.25377E-03
+115.47600E-03,+9.10264E-03,+193.25377E-03
+115.56000E-03,+9.29522E-03,+189.23367E-03
+115.64400E-03,+9.18345E-03,+189.23367E-03
+115.72800E-03,+9.17804E-03,+185.21357E-03
+115.81200E-03,+9.23290E-03,+181.19347E-03
+115.89600E-03,+9.03387E-03,+177.17336E-03
+115.98000E-03,+9.20195E-03,+177.17336E-03
+116.06400E-03,+9.07272E-03,+173.15326E-03
+116.14800E-03,+9.04634E-03,+173.15326E-03
+116.23200E-03,+9.07729E-03,+169.13316E-03
+116.31600E-03,+9.14004E-03,+161.09296E-03
+116.40000E-03,+9.16476E-03,+157.98688E-03
+116.48400E-03,+9.10264E-03,+156.75069E-03
+116.56800E-03,+8.91067E-03,+153.05276E-03
+116.65200E-03,+8.96635E-03,+149.03266E-03
+116.73600E-03,+8.94162E-03,+145.00192E-03
+116.82000E-03,+8.94743E-03,+140.99246E-03
+116.90400E-03,+8.99149E-03,+136.97236E-03
+116.98800E-03,+8.86143E-03,+136.67147E-03
+117.07200E-03,+8.92313E-03,+129.86746E-03
+117.15600E-03,+8.82446E-03,+128.93216E-03
+117.24000E-03,+8.86143E-03,+124.91206E-03
+117.32400E-03,+8.76856E-03,+120.89196E-03
+117.40800E-03,+8.78703E-03,+119.03200E-03
+117.49200E-03,+8.84295E-03,+116.87186E-03
+117.57600E-03,+8.76854E-03,+112.85176E-03
+117.66000E-03,+8.71313E-03,+112.85176E-03
+117.74400E-03,+8.58924E-03,+108.83166E-03
+117.82800E-03,+8.86140E-03,+104.81156E-03
+117.91200E-03,+8.64496E-03,+104.81156E-03
+117.99600E-03,+8.55224E-03,+103.26453E-03
+118.08000E-03,+8.55226E-03,+100.79146E-03
+118.16400E-03,+8.55833E-03,+96.77136E-03
+118.24800E-03,+8.46548E-03,+98.62991E-03
+118.33200E-03,+8.52738E-03,+96.77136E-03
+118.41600E-03,+8.45942E-03,+97.38518E-03
+118.50000E-03,+8.50923E-03,+98.62137E-03
+118.58400E-03,+8.37902E-03,+97.70526E-03
+118.66800E-03,+8.23031E-03,+96.77136E-03
+118.75200E-03,+8.44752E-03,+102.32993E-03
+118.83600E-03,+8.24312E-03,+106.05699E-03
+118.92000E-03,+8.29825E-03,+108.83166E-03
+119.00400E-03,+8.32994E-03,+108.83166E-03
+119.08800E-03,+8.26748E-03,+115.31489E-03
+119.17200E-03,+8.43376E-03,+120.89196E-03
+119.25600E-03,+8.19991E-03,+120.89196E-03
+119.34000E-03,+8.18651E-03,+126.78056E-03
+119.42400E-03,+8.27333E-03,+132.31995E-03
+119.50800E-03,+8.00117E-03,+132.95226E-03
+119.59200E-03,+8.13781E-03,+132.95226E-03
+119.67600E-03,+8.10006E-03,+136.97236E-03
+119.76000E-03,+8.06911E-03,+140.99246E-03
+119.84400E-03,+8.08798E-03,+147.50413E-03
+119.92800E-03,+7.95190E-03,+149.03266E-03
+120.01200E-03,+7.89738E-03,+149.05185E-03
+120.09600E-03,+8.11347E-03,+153.05276E-03
+120.18000E-03,+8.00835E-03,+161.09296E-03
+120.26400E-03,+8.05080E-03,+160.76224E-03
+120.34800E-03,+7.97701E-03,+165.11306E-03
+120.43200E-03,+7.93944E-03,+171.01161E-03
+120.51600E-03,+7.96417E-03,+173.79552E-03
+120.60000E-03,+8.00077E-03,+177.17336E-03
+120.68400E-03,+8.09401E-03,+181.19347E-03
+120.76800E-03,+7.99609E-03,+186.16735E-03
+120.85200E-03,+8.04612E-03,+193.25377E-03
+120.93600E-03,+8.03775E-03,+198.79246E-03
+121.02000E-03,+8.05741E-03,+204.04875E-03
+121.10400E-03,+8.05799E-03,+209.36330E-03
+121.18800E-03,+8.19408E-03,+213.35427E-03
+121.27200E-03,+8.10628E-03,+218.95122E-03
+121.35600E-03,+8.20459E-03,+225.41457E-03
+121.44000E-03,+8.20031E-03,+230.33019E-03
+121.52400E-03,+8.22308E-03,+235.58648E-03
+121.60800E-03,+8.19213E-03,+237.47487E-03
+121.69200E-03,+8.20654E-03,+241.49497E-03
+121.77600E-03,+8.13781E-03,+241.49497E-03
+121.86000E-03,+8.26007E-03,+245.51507E-03
+121.94400E-03,+8.38447E-03,+245.78753E-03
+122.02800E-03,+8.29862E-03,+249.53517E-03
+122.11200E-03,+8.32024E-03,+249.53517E-03
+122.19600E-03,+8.29940E-03,+249.53517E-03
+122.28000E-03,+8.43548E-03,+250.73229E-03
+122.36400E-03,+8.31342E-03,+253.55527E-03
+122.44800E-03,+8.54684E-03,+253.55527E-03
+122.53200E-03,+8.45942E-03,+256.68980E-03
+122.61600E-03,+8.49292E-03,+257.57537E-03
+122.70000E-03,+8.40551E-03,+256.91323E-03
+122.78400E-03,+8.51686E-03,+257.57537E-03
+122.86800E-03,+8.59201E-03,+257.57537E-03
+122.95200E-03,+8.72010E-03,+257.57537E-03
+123.03600E-03,+8.77578E-03,+257.83789E-03
+123.12000E-03,+8.70063E-03,+257.57537E-03
+123.20400E-03,+8.88714E-03,+257.57537E-03
+123.28800E-03,+8.70259E-03,+257.57537E-03
+123.37200E-03,+8.86143E-03,+257.57537E-03
+123.45600E-03,+8.86143E-03,+257.57537E-03
+123.54000E-03,+9.16141E-03,+257.21482E-03
+123.62400E-03,+9.00472E-03,+256.69974E-03
+123.70800E-03,+9.06040E-03,+249.53517E-03
+123.79200E-03,+8.95528E-03,+249.53517E-03
+123.87600E-03,+9.10264E-03,+246.07917E-03
+123.96000E-03,+9.26344E-03,+245.51507E-03
+124.04400E-03,+9.18304E-03,+241.49497E-03
+124.12800E-03,+9.26849E-03,+237.22230E-03
+124.21200E-03,+9.34384E-03,+234.94353E-03
+124.29600E-03,+9.36975E-03,+229.43467E-03
+124.38000E-03,+9.18422E-03,+229.37571E-03
+124.46400E-03,+9.42425E-03,+221.39447E-03
+124.54800E-03,+9.31171E-03,+217.37437E-03
+124.63200E-03,+9.48983E-03,+217.37437E-03
+124.71600E-03,+9.39579E-03,+213.35427E-03
+124.80000E-03,+9.46261E-03,+209.33417E-03
+124.88400E-03,+9.57141E-03,+205.31407E-03
+124.96800E-03,+9.36601E-03,+201.29397E-03
+125.05200E-03,+9.54924E-03,+199.50362E-03
+125.13600E-03,+9.58505E-03,+197.27387E-03
+125.22000E-03,+9.58020E-03,+197.03124E-03
+125.30400E-03,+9.47507E-03,+193.25377E-03
+125.38800E-03,+9.52865E-03,+189.23367E-03
+125.47200E-03,+9.66545E-03,+189.30257E-03
+125.55600E-03,+9.68880E-03,+185.21357E-03
+125.64000E-03,+9.71352E-03,+183.59693E-03
+125.72400E-03,+9.74585E-03,+181.19347E-03
+125.80800E-03,+9.82626E-03,+176.31762E-03
+125.89200E-03,+9.74585E-03,+169.13316E-03
+125.97600E-03,+9.66545E-03,+169.13316E-03
+126.06000E-03,+9.69811E-03,+161.63718E-03
+126.14400E-03,+9.75504E-03,+157.07286E-03
+126.22800E-03,+9.80619E-03,+149.03266E-03
+126.31200E-03,+9.82160E-03,+149.03266E-03
+126.39600E-03,+9.71648E-03,+140.99246E-03
+126.48000E-03,+9.74585E-03,+136.97236E-03
+126.56400E-03,+9.82468E-03,+133.03111E-03
+126.64800E-03,+9.74585E-03,+128.93216E-03
+126.73200E-03,+9.88947E-03,+124.91206E-03
+126.81600E-03,+9.82626E-03,+120.89196E-03
+126.90000E-03,+9.68237E-03,+120.89196E-03
+126.98400E-03,+9.90666E-03,+114.93375E-03
+127.06800E-03,+9.90666E-03,+109.53358E-03
+127.15200E-03,+9.80489E-03,+108.29739E-03
+127.23600E-03,+9.79085E-03,+104.81156E-03
+127.32000E-03,+9.90666E-03,+104.81156E-03
+127.40400E-03,+9.75476E-03,+100.79146E-03
+127.48800E-03,+9.85543E-03,+102.25038E-03
+127.57200E-03,+9.85185E-03,+102.11644E-03
+127.65600E-03,+9.75118E-03,+104.81156E-03
+127.74000E-03,+9.86076E-03,+101.93885E-03
+127.82400E-03,+9.96927E-03,+102.42797E-03
+127.90800E-03,+9.91467E-03,+104.81156E-03
+127.99200E-03,+10.03403E-03,+103.97570E-03
+128.07600E-03,+9.86274E-03,+104.81156E-03
+128.16000E-03,+9.81202E-03,+108.83166E-03
+128.24400E-03,+9.91714E-03,+108.83166E-03
+128.32800E-03,+9.82626E-03,+108.83166E-03
+128.41200E-03,+9.78679E-03,+109.85505E-03
+128.49600E-03,+10.13510E-03,+116.87186E-03
+128.58000E-03,+9.82626E-03,+116.87186E-03
+128.66400E-03,+9.90666E-03,+123.57713E-03
+128.74800E-03,+9.82823E-03,+120.89196E-03
+128.83200E-03,+9.95216E-03,+128.93216E-03
+128.91600E-03,+9.84464E-03,+132.95226E-03
+129.00000E-03,+9.97885E-03,+136.97236E-03
+129.08400E-03,+9.85929E-03,+141.81838E-03
+129.16800E-03,+9.94582E-03,+145.01256E-03
+129.25200E-03,+9.95819E-03,+153.77457E-03
+129.33600E-03,+9.99735E-03,+157.07286E-03
+129.42000E-03,+9.89628E-03,+165.11306E-03
+129.50400E-03,+9.86759E-03,+173.15326E-03
+129.58800E-03,+9.91072E-03,+177.17336E-03
+129.67200E-03,+9.93544E-03,+187.79463E-03
+129.75600E-03,+9.96016E-03,+189.23367E-03
+129.84000E-03,+9.98489E-03,+193.25377E-03
+129.92400E-03,+9.89391E-03,+205.31407E-03
+130.00800E-03,+9.90666E-03,+209.33417E-03
+130.09200E-03,+9.90666E-03,+213.77449E-03
+130.17600E-03,+9.98706E-03,+220.57850E-03
+130.26000E-03,+9.98874E-03,+225.41457E-03
+130.34400E-03,+9.98706E-03,+229.43467E-03
+130.42800E-03,+9.97697E-03,+236.97043E-03
+130.51200E-03,+9.99784E-03,+237.47487E-03
+130.59600E-03,+9.94839E-03,+241.49497E-03
+130.68000E-03,+9.98320E-03,+245.51507E-03
+130.76400E-03,+10.03888E-03,+246.94417E-03
+130.84800E-03,+9.93287E-03,+250.88999E-03
+130.93200E-03,+9.82863E-03,+253.43665E-03
+131.01600E-03,+9.98706E-03,+253.55527E-03
+131.10000E-03,+10.02039E-03,+257.57537E-03
+131.18400E-03,+9.97846E-03,+257.57537E-03
+131.26800E-03,+9.87442E-03,+258.38140E-03
+131.35200E-03,+9.98577E-03,+261.59547E-03
+131.43600E-03,+10.03779E-03,+264.87388E-03
+131.52000E-03,+9.90666E-03,+265.61558E-03
+131.60400E-03,+10.03285E-03,+265.61558E-03
+131.68800E-03,+9.96600E-03,+265.61558E-03
+131.77200E-03,+9.99072E-03,+265.61558E-03
+131.85600E-03,+10.01070E-03,+268.21653E-03
+131.94000E-03,+10.09327E-03,+268.27091E-03
+132.02400E-03,+9.98192E-03,+265.61558E-03
+132.10800E-03,+10.10356E-03,+269.63568E-03
+132.19200E-03,+9.94018E-03,+267.95938E-03
+132.27600E-03,+9.91546E-03,+265.61558E-03
+132.36000E-03,+10.06746E-03,+264.81949E-03
+132.44400E-03,+9.94641E-03,+261.59547E-03
+132.52800E-03,+10.08250E-03,+261.59547E-03
+132.61200E-03,+10.00644E-03,+258.05992E-03
+132.69600E-03,+10.00990E-03,+257.57537E-03
+132.78000E-03,+10.06746E-03,+256.51220E-03
+132.86400E-03,+9.98014E-03,+257.57537E-03
+132.94800E-03,+10.06331E-03,+252.14607E-03
+133.03200E-03,+9.98706E-03,+249.53517E-03
